recipe_node,recipe_id,recipe_name,recipe_type,recipe_type_id,time_spend_raw,handcraft,productive,non_productive,input_count,inputs_json,output_count,outputs_json,unlocking_technologies_json,product_scc
recipe:1,1,铁块,Smelt,1,60,true,false,false,1,"[{""item_node"":""item:1001"",""item_id"":1001,""item_name"":""铁矿"",""quantity"":1,""source_edge_id"":1750}]",1,"[{""item_node"":""item:1101"",""item_id"":1101,""item_name"":""铁块"",""quantity"":1,""source_edge_id"":1751}]",[],scc:0227
recipe:2,2,磁铁,Smelt,1,90,true,false,false,1,"[{""item_node"":""item:1001"",""item_id"":1001,""item_name"":""铁矿"",""quantity"":1,""source_edge_id"":1752}]",1,"[{""item_node"":""item:1102"",""item_id"":1102,""item_name"":""磁铁"",""quantity"":1,""source_edge_id"":1753}]",[],scc:0293
recipe:3,3,铜块,Smelt,1,60,true,false,false,1,"[{""item_node"":""item:1002"",""item_id"":1002,""item_name"":""铜矿"",""quantity"":1,""source_edge_id"":1754}]",1,"[{""item_node"":""item:1104"",""item_id"":1104,""item_name"":""铜块"",""quantity"":1,""source_edge_id"":1755}]",[],scc:0297
recipe:4,4,石材,Smelt,1,60,true,false,false,1,"[{""item_node"":""item:1005"",""item_id"":1005,""item_name"":""Stone"",""quantity"":1,""source_edge_id"":1756}]",1,"[{""item_node"":""item:1108"",""item_id"":1108,""item_name"":""石材"",""quantity"":1,""source_edge_id"":1757}]",[],scc:0301
recipe:5,5,齿轮,Assemble,4,60,true,false,false,1,"[{""item_node"":""item:1101"",""item_id"":1101,""item_name"":""铁块"",""quantity"":1,""source_edge_id"":1758}]",1,"[{""item_node"":""item:1201"",""item_id"":1201,""item_name"":""齿轮"",""quantity"":1,""source_edge_id"":1759}]",[],scc:0311
recipe:6,6,磁线圈,Assemble,4,60,true,false,false,2,"[{""item_node"":""item:1102"",""item_id"":1102,""item_name"":""磁铁"",""quantity"":2,""source_edge_id"":1760},{""item_node"":""item:1104"",""item_id"":1104,""item_name"":""铜块"",""quantity"":1,""source_edge_id"":1761}]",1,"[{""item_node"":""item:1202"",""item_id"":1202,""item_name"":""磁线圈"",""quantity"":2,""source_edge_id"":1762}]",[],scc:0318
recipe:7,7,风力涡轮机,Assemble,4,240,true,false,false,3,"[{""item_node"":""item:1101"",""item_id"":1101,""item_name"":""铁块"",""quantity"":6,""source_edge_id"":1763},{""item_node"":""item:1201"",""item_id"":1201,""item_name"":""齿轮"",""quantity"":1,""source_edge_id"":1764},{""item_node"":""item:1202"",""item_id"":1202,""item_name"":""磁线圈"",""quantity"":3,""source_edge_id"":1765}]",1,"[{""item_node"":""item:2203"",""item_id"":2203,""item_name"":""风力涡轮机"",""quantity"":1,""source_edge_id"":1766}]","[{""tech_node"":""tech:1001"",""tech_id"":1001,""tech_name"":""Electromagnetism"",""source_edge_id"":3}]",scc:0325
recipe:8,8,电力感应塔,Assemble,4,60,true,false,false,2,"[{""item_node"":""item:1101"",""item_id"":1101,""item_name"":""铁块"",""quantity"":2,""source_edge_id"":1767},{""item_node"":""item:1202"",""item_id"":1202,""item_name"":""磁线圈"",""quantity"":1,""source_edge_id"":1768}]",1,"[{""item_node"":""item:2201"",""item_id"":2201,""item_name"":""电力感应塔"",""quantity"":1,""source_edge_id"":1769}]","[{""tech_node"":""tech:1001"",""tech_id"":1001,""tech_name"":""Electromagnetism"",""source_edge_id"":4}]",scc:0335
recipe:9,9,电磁矩阵,Research,15,180,true,false,false,2,"[{""item_node"":""item:1202"",""item_id"":1202,""item_name"":""磁线圈"",""quantity"":1,""source_edge_id"":1770},{""item_node"":""item:1301"",""item_id"":1301,""item_name"":""电路板"",""quantity"":1,""source_edge_id"":1771}]",1,"[{""item_node"":""item:6001"",""item_id"":6001,""item_name"":""Electromagnetic Matrix"",""quantity"":1,""source_edge_id"":1772}]","[{""tech_node"":""tech:1002"",""tech_id"":1002,""tech_name"":""Electromagnetic Matrix"",""source_edge_id"":12}]",scc:0346
recipe:10,10,矩阵研究站,Assemble,4,180,true,false,false,4,"[{""item_node"":""item:1101"",""item_id"":1101,""item_name"":""铁块"",""quantity"":8,""source_edge_id"":1773},{""item_node"":""item:1110"",""item_id"":1110,""item_name"":""玻璃"",""quantity"":4,""source_edge_id"":1774},{""item_node"":""item:1301"",""item_id"":1301,""item_name"":""电路板"",""quantity"":4,""source_edge_id"":1775},{""item_node"":""item:1202"",""item_id"":1202,""item_name"":""磁线圈"",""quantity"":4,""source_edge_id"":1776}]",1,"[{""item_node"":""item:2901"",""item_id"":2901,""item_name"":""矩阵研究站"",""quantity"":1,""source_edge_id"":1777}]","[{""tech_node"":""tech:1002"",""tech_id"":1002,""tech_name"":""Electromagnetic Matrix"",""source_edge_id"":13}]",scc:0228
recipe:11,11,棱镜,Assemble,4,120,true,false,false,1,"[{""item_node"":""item:1110"",""item_id"":1110,""item_name"":""玻璃"",""quantity"":3,""source_edge_id"":1778}]",1,"[{""item_node"":""item:1111"",""item_id"":1111,""item_name"":""棱镜"",""quantity"":2,""source_edge_id"":1779}]","[{""tech_node"":""tech:1101"",""tech_id"":1101,""tech_name"":""T高效电浆控制"",""source_edge_id"":17}]",scc:0235
recipe:12,12,电浆激发器,Assemble,4,120,true,false,false,2,"[{""item_node"":""item:1202"",""item_id"":1202,""item_name"":""磁线圈"",""quantity"":4,""source_edge_id"":1780},{""item_node"":""item:1111"",""item_id"":1111,""item_name"":""棱镜"",""quantity"":2,""source_edge_id"":1781}]",1,"[{""item_node"":""item:1401"",""item_id"":1401,""item_name"":""电浆激发器"",""quantity"":1,""source_edge_id"":1782}]","[{""tech_node"":""tech:1101"",""tech_id"":1101,""tech_name"":""T高效电浆控制"",""source_edge_id"":18}]",scc:0245
recipe:13,13,无线输电塔,Assemble,4,180,true,false,false,2,"[{""item_node"":""item:2201"",""item_id"":2201,""item_name"":""电力感应塔"",""quantity"":1,""source_edge_id"":1783},{""item_node"":""item:1401"",""item_id"":1401,""item_name"":""电浆激发器"",""quantity"":3,""source_edge_id"":1784}]",1,"[{""item_node"":""item:2202"",""item_id"":2202,""item_name"":""无线输电塔"",""quantity"":1,""source_edge_id"":1785}]","[{""tech_node"":""tech:1101"",""tech_id"":1101,""tech_name"":""T高效电浆控制"",""source_edge_id"":19}]",scc:0255
recipe:14,14,原油萃取站,Assemble,4,480,true,false,false,4,"[{""item_node"":""item:1103"",""item_id"":1103,""item_name"":""钢材"",""quantity"":12,""source_edge_id"":1786},{""item_node"":""item:1108"",""item_id"":1108,""item_name"":""石材"",""quantity"":12,""source_edge_id"":1787},{""item_node"":""item:1301"",""item_id"":1301,""item_name"":""电路板"",""quantity"":6,""source_edge_id"":1788},{""item_node"":""item:1401"",""item_id"":1401,""item_name"":""电浆激发器"",""quantity"":4,""source_edge_id"":1789}]",1,"[{""item_node"":""item:2307"",""item_id"":2307,""item_name"":""原油萃取站"",""quantity"":1,""source_edge_id"":1790}]","[{""tech_node"":""tech:1102"",""tech_id"":1102,""tech_name"":""Plasma Extract Refining"",""source_edge_id"":24}]",scc:0266
recipe:15,15,原油精炼厂,Assemble,4,360,true,false,false,4,"[{""item_node"":""item:1103"",""item_id"":1103,""item_name"":""钢材"",""quantity"":10,""source_edge_id"":1791},{""item_node"":""item:1108"",""item_id"":1108,""item_name"":""石材"",""quantity"":10,""source_edge_id"":1792},{""item_node"":""item:1301"",""item_id"":1301,""item_name"":""电路板"",""quantity"":6,""source_edge_id"":1793},{""item_node"":""item:1401"",""item_id"":1401,""item_name"":""电浆激发器"",""quantity"":6,""source_edge_id"":1794}]",1,"[{""item_node"":""item:2308"",""item_id"":2308,""item_name"":""原油精炼厂"",""quantity"":1,""source_edge_id"":1795}]","[{""tech_node"":""tech:1102"",""tech_id"":1102,""tech_name"":""Plasma Extract Refining"",""source_edge_id"":25}]",scc:0277
recipe:16,16,等离子精炼,Refine,3,240,false,false,false,1,"[{""item_node"":""item:1007"",""item_id"":1007,""item_name"":""原油"",""quantity"":2,""source_edge_id"":1796}]",2,"[{""item_node"":""item:1120"",""item_id"":1120,""item_name"":""氢"",""quantity"":1,""source_edge_id"":1797},{""item_node"":""item:1114"",""item_id"":1114,""item_name"":""精炼油"",""quantity"":2,""source_edge_id"":1798}]","[{""tech_node"":""tech:1102"",""tech_id"":1102,""tech_name"":""Plasma Extract Refining"",""source_edge_id"":26}]",scc:0288
recipe:17,17,高能石墨,Smelt,1,120,true,false,false,1,"[{""item_node"":""item:1006"",""item_id"":1006,""item_name"":""煤矿"",""quantity"":2,""source_edge_id"":1799}]",1,"[{""item_node"":""item:1109"",""item_id"":1109,""item_name"":""高能石墨"",""quantity"":1,""source_edge_id"":1800}]","[{""tech_node"":""tech:1402"",""tech_id"":1402,""tech_name"":""Smelting Purification"",""source_edge_id"":211}]",scc:0291
recipe:18,18,能量矩阵,Research,15,360,true,false,false,2,"[{""item_node"":""item:1109"",""item_id"":1109,""item_name"":""高能石墨"",""quantity"":2,""source_edge_id"":1801},{""item_node"":""item:1120"",""item_id"":1120,""item_name"":""氢"",""quantity"":2,""source_edge_id"":1802}]",1,"[{""item_node"":""item:6002"",""item_id"":6002,""item_name"":""Energy Matrix"",""quantity"":1,""source_edge_id"":1803}]","[{""tech_node"":""tech:1111"",""tech_id"":1111,""tech_name"":""Energy Matrix"",""source_edge_id"":42}]",scc:0100
recipe:19,19,氢燃料棒,Assemble,4,360,true,false,false,2,"[{""item_node"":""item:1106"",""item_id"":1106,""item_name"":""Titanium Ingot"",""quantity"":1,""source_edge_id"":1804},{""item_node"":""item:1120"",""item_id"":1120,""item_name"":""氢"",""quantity"":10,""source_edge_id"":1805}]",1,"[{""item_node"":""item:1801"",""item_id"":1801,""item_name"":""氢燃料棒"",""quantity"":2,""source_edge_id"":1806}]","[{""tech_node"":""tech:1112"",""tech_id"":1112,""tech_name"":""T氢燃料棒"",""source_edge_id"":45}]",scc:0292
recipe:20,20,推进器,Assemble,4,240,true,false,false,2,"[{""item_node"":""item:1103"",""item_id"":1103,""item_name"":""钢材"",""quantity"":2,""source_edge_id"":1807},{""item_node"":""item:1104"",""item_id"":1104,""item_name"":""铜块"",""quantity"":3,""source_edge_id"":1808}]",1,"[{""item_node"":""item:1405"",""item_id"":1405,""item_name"":""推进器2"",""quantity"":1,""source_edge_id"":1809}]","[{""tech_node"":""tech:1113"",""tech_id"":1113,""tech_name"":""Thruster"",""source_edge_id"":48}]",scc:0294
recipe:21,21,加力推进器,Assemble,4,360,true,false,false,2,"[{""item_node"":""item:1107"",""item_id"":1107,""item_name"":""钛合金"",""quantity"":5,""source_edge_id"":1810},{""item_node"":""item:1204"",""item_id"":1204,""item_name"":""电磁涡轮"",""quantity"":5,""source_edge_id"":1811}]",1,"[{""item_node"":""item:1406"",""item_id"":1406,""item_name"":""加力推进器"",""quantity"":1,""source_edge_id"":1812}]","[{""tech_node"":""tech:1114"",""tech_id"":1114,""tech_name"":""Reinforced Thruster"",""source_edge_id"":51}]",scc:0295
recipe:22,22,化工厂,Assemble,4,300,true,false,false,4,"[{""item_node"":""item:1103"",""item_id"":1103,""item_name"":""钢材"",""quantity"":8,""source_edge_id"":1813},{""item_node"":""item:1108"",""item_id"":1108,""item_name"":""石材"",""quantity"":8,""source_edge_id"":1814},{""item_node"":""item:1110"",""item_id"":1110,""item_name"":""玻璃"",""quantity"":8,""source_edge_id"":1815},{""item_node"":""item:1301"",""item_id"":1301,""item_name"":""电路板"",""quantity"":2,""source_edge_id"":1816}]",1,"[{""item_node"":""item:2309"",""item_id"":2309,""item_name"":""化工厂"",""quantity"":1,""source_edge_id"":1817}]","[{""tech_node"":""tech:1121"",""tech_id"":1121,""tech_name"":""T基础化工"",""source_edge_id"":60}]",scc:0296
recipe:23,23,塑料,Chemical,2,180,false,false,false,2,"[{""item_node"":""item:1114"",""item_id"":1114,""item_name"":""精炼油"",""quantity"":2,""source_edge_id"":1818},{""item_node"":""item:1109"",""item_id"":1109,""item_name"":""高能石墨"",""quantity"":1,""source_edge_id"":1819}]",1,"[{""item_node"":""item:1115"",""item_id"":1115,""item_name"":""塑料"",""quantity"":1,""source_edge_id"":1820}]","[{""tech_node"":""tech:1121"",""tech_id"":1121,""tech_name"":""T基础化工"",""source_edge_id"":61}]",scc:0100
recipe:24,24,硫酸,Chemical,2,360,false,false,false,3,"[{""item_node"":""item:1114"",""item_id"":1114,""item_name"":""精炼油"",""quantity"":6,""source_edge_id"":1821},{""item_node"":""item:1005"",""item_id"":1005,""item_name"":""Stone"",""quantity"":8,""source_edge_id"":1822},{""item_node"":""item:1000"",""item_id"":1000,""item_name"":""水"",""quantity"":4,""source_edge_id"":1823}]",1,"[{""item_node"":""item:1116"",""item_id"":1116,""item_name"":""硫酸"",""quantity"":4,""source_edge_id"":1824}]","[{""tech_node"":""tech:1121"",""tech_id"":1121,""tech_name"":""T基础化工"",""source_edge_id"":62}]",scc:0100
recipe:25,25,有机晶体,Chemical,2,360,false,false,false,3,"[{""item_node"":""item:1115"",""item_id"":1115,""item_name"":""塑料"",""quantity"":2,""source_edge_id"":1825},{""item_node"":""item:1114"",""item_id"":1114,""item_name"":""精炼油"",""quantity"":1,""source_edge_id"":1826},{""item_node"":""item:1000"",""item_id"":1000,""item_name"":""水"",""quantity"":1,""source_edge_id"":1827}]",1,"[{""item_node"":""item:1117"",""item_id"":1117,""item_name"":""Organic Crystal"",""quantity"":1,""source_edge_id"":1828}]","[{""tech_node"":""tech:1122"",""tech_id"":1122,""tech_name"":""T高分子化工"",""source_edge_id"":66}]",scc:0100
recipe:26,26,钛晶石,Assemble,4,240,true,false,false,2,"[{""item_node"":""item:1117"",""item_id"":1117,""item_name"":""Organic Crystal"",""quantity"":1,""source_edge_id"":1829},{""item_node"":""item:1106"",""item_id"":1106,""item_name"":""Titanium Ingot"",""quantity"":3,""source_edge_id"":1830}]",1,"[{""item_node"":""item:1118"",""item_id"":1118,""item_name"":""Titanium Crystal"",""quantity"":1,""source_edge_id"":1831}]","[{""tech_node"":""tech:1123"",""tech_id"":1123,""tech_name"":""High-Strength Crystal"",""source_edge_id"":71}]",scc:0100
recipe:27,27,结构矩阵,Research,15,480,true,false,false,2,"[{""item_node"":""item:1112"",""item_id"":1112,""item_name"":""金刚石"",""quantity"":1,""source_edge_id"":1832},{""item_node"":""item:1118"",""item_id"":1118,""item_name"":""Titanium Crystal"",""quantity"":1,""source_edge_id"":1833}]",1,"[{""item_node"":""item:6003"",""item_id"":6003,""item_name"":""Structure Matrix"",""quantity"":1,""source_edge_id"":1834}]","[{""tech_node"":""tech:1124"",""tech_id"":1124,""tech_name"":""Structure Matrix"",""source_edge_id"":75}]",scc:0100
recipe:28,28,卡西米尔晶体,Assemble,4,240,true,false,false,3,"[{""item_node"":""item:1118"",""item_id"":1118,""item_name"":""Titanium Crystal"",""quantity"":1,""source_edge_id"":1835},{""item_node"":""item:1123"",""item_id"":1123,""item_name"":""石墨烯"",""quantity"":2,""source_edge_id"":1836},{""item_node"":""item:1120"",""item_id"":1120,""item_name"":""氢"",""quantity"":12,""source_edge_id"":1837}]",1,"[{""item_node"":""item:1126"",""item_id"":1126,""item_name"":""卡西米尔晶体"",""quantity"":1,""source_edge_id"":1838}]","[{""tech_node"":""tech:1125"",""tech_id"":1125,""tech_name"":""T卡西米尔晶体"",""source_edge_id"":80}]",scc:0100
recipe:29,29,卡西米尔晶体（高效）,Assemble,4,240,false,false,false,3,"[{""item_node"":""item:1014"",""item_id"":1014,""item_name"":""光栅石"",""quantity"":8,""source_edge_id"":1839},{""item_node"":""item:1123"",""item_id"":1123,""item_name"":""石墨烯"",""quantity"":2,""source_edge_id"":1840},{""item_node"":""item:1120"",""item_id"":1120,""item_name"":""氢"",""quantity"":12,""source_edge_id"":1841}]",1,"[{""item_node"":""item:1126"",""item_id"":1126,""item_name"":""卡西米尔晶体"",""quantity"":1,""source_edge_id"":1842}]","[{""tech_node"":""tech:1125"",""tech_id"":1125,""tech_name"":""T卡西米尔晶体"",""source_edge_id"":81}]",scc:0100
recipe:30,30,钛化玻璃,Assemble,4,300,true,false,false,3,"[{""item_node"":""item:1110"",""item_id"":1110,""item_name"":""玻璃"",""quantity"":2,""source_edge_id"":1843},{""item_node"":""item:1106"",""item_id"":1106,""item_name"":""Titanium Ingot"",""quantity"":2,""source_edge_id"":1844},{""item_node"":""item:1000"",""item_id"":1000,""item_name"":""水"",""quantity"":2,""source_edge_id"":1845}]",1,"[{""item_node"":""item:1119"",""item_id"":1119,""item_name"":""钛化玻璃"",""quantity"":2,""source_edge_id"":1846}]","[{""tech_node"":""tech:1126"",""tech_id"":1126,""tech_name"":""T高强度玻璃"",""source_edge_id"":85}]",scc:0100
recipe:31,31,石墨烯,Chemical,2,180,false,false,false,2,"[{""item_node"":""item:1109"",""item_id"":1109,""item_name"":""高能石墨"",""quantity"":3,""source_edge_id"":1847},{""item_node"":""item:1116"",""item_id"":1116,""item_name"":""硫酸"",""quantity"":1,""source_edge_id"":1848}]",1,"[{""item_node"":""item:1123"",""item_id"":1123,""item_name"":""石墨烯"",""quantity"":2,""source_edge_id"":1849}]","[{""tech_node"":""tech:1131"",""tech_id"":1131,""tech_name"":""T应用型超导体"",""source_edge_id"":88}]",scc:0100
recipe:32,32,石墨烯（高效）,Chemical,2,120,false,false,false,1,"[{""item_node"":""item:1011"",""item_id"":1011,""item_name"":""可燃冰"",""quantity"":2,""source_edge_id"":1850}]",2,"[{""item_node"":""item:1123"",""item_id"":1123,""item_name"":""石墨烯"",""quantity"":2,""source_edge_id"":1851},{""item_node"":""item:1120"",""item_id"":1120,""item_name"":""氢"",""quantity"":1,""source_edge_id"":1852}]","[{""tech_node"":""tech:1131"",""tech_id"":1131,""tech_name"":""T应用型超导体"",""source_edge_id"":89}]",scc:0298
recipe:33,33,碳纳米管,Chemical,2,240,false,false,false,2,"[{""item_node"":""item:1123"",""item_id"":1123,""item_name"":""石墨烯"",""quantity"":3,""source_edge_id"":1853},{""item_node"":""item:1106"",""item_id"":1106,""item_name"":""Titanium Ingot"",""quantity"":1,""source_edge_id"":1854}]",1,"[{""item_node"":""item:1124"",""item_id"":1124,""item_name"":""碳纳米管"",""quantity"":2,""source_edge_id"":1855}]","[{""tech_node"":""tech:1132"",""tech_id"":1132,""tech_name"":""T高强度材料"",""source_edge_id"":93}]",scc:0100
recipe:34,34,硅石,Smelt,1,600,false,false,false,1,"[{""item_node"":""item:1005"",""item_id"":1005,""item_name"":""Stone"",""quantity"":10,""source_edge_id"":1856}]",1,"[{""item_node"":""item:1003"",""item_id"":1003,""item_name"":""Silicon Ore"",""quantity"":1,""source_edge_id"":1857}]","[{""tech_node"":""tech:1402"",""tech_id"":1402,""tech_name"":""Smelting Purification"",""source_edge_id"":210}]",scc:0299
recipe:35,35,碳纳米管（高效）,Chemical,2,240,false,false,false,1,"[{""item_node"":""item:1015"",""item_id"":1015,""item_name"":""刺笋结晶"",""quantity"":6,""source_edge_id"":1858}]",1,"[{""item_node"":""item:1124"",""item_id"":1124,""item_name"":""碳纳米管"",""quantity"":2,""source_edge_id"":1859}]","[{""tech_node"":""tech:1132"",""tech_id"":1132,""tech_name"":""T高强度材料"",""source_edge_id"":94}]",scc:0100
recipe:36,36,粒子宽带,Assemble,4,480,true,false,false,3,"[{""item_node"":""item:1124"",""item_id"":1124,""item_name"":""碳纳米管"",""quantity"":2,""source_edge_id"":1860},{""item_node"":""item:1113"",""item_id"":1113,""item_name"":""晶格硅"",""quantity"":2,""source_edge_id"":1861},{""item_node"":""item:1115"",""item_id"":1115,""item_name"":""塑料"",""quantity"":1,""source_edge_id"":1862}]",1,"[{""item_node"":""item:1402"",""item_id"":1402,""item_name"":""粒子宽带"",""quantity"":1,""source_edge_id"":1863}]","[{""tech_node"":""tech:1133"",""tech_id"":1133,""tech_name"":""T粒子可控技术"",""source_edge_id"":99}]",scc:0100
recipe:37,37,晶格硅,Smelt,1,120,false,false,false,1,"[{""item_node"":""item:1105"",""item_id"":1105,""item_name"":""High-Purity Silicon"",""quantity"":1,""source_edge_id"":1864}]",1,"[{""item_node"":""item:1113"",""item_id"":1113,""item_name"":""晶格硅"",""quantity"":1,""source_edge_id"":1865}]","[{""tech_node"":""tech:1403"",""tech_id"":1403,""tech_name"":""T晶体冶炼"",""source_edge_id"":218}]",scc:0100
recipe:38,38,位面过滤器,Assemble,4,720,true,false,false,2,"[{""item_node"":""item:1126"",""item_id"":1126,""item_name"":""卡西米尔晶体"",""quantity"":1,""source_edge_id"":1866},{""item_node"":""item:1119"",""item_id"":1119,""item_name"":""钛化玻璃"",""quantity"":2,""source_edge_id"":1867}]",1,"[{""item_node"":""item:1304"",""item_id"":1304,""item_name"":""位面过滤器"",""quantity"":1,""source_edge_id"":1868}]","[{""tech_node"":""tech:1141"",""tech_id"":1141,""tech_name"":""T波函数干扰"",""source_edge_id"":112}]",scc:0100
recipe:39,39,微型粒子对撞机,Assemble,4,900,true,false,false,5,"[{""item_node"":""item:1107"",""item_id"":1107,""item_name"":""钛合金"",""quantity"":20,""source_edge_id"":1869},{""item_node"":""item:1125"",""item_id"":1125,""item_name"":""框架材料"",""quantity"":20,""source_edge_id"":1870},{""item_node"":""item:1205"",""item_id"":1205,""item_name"":""超级磁场环"",""quantity"":25,""source_edge_id"":1871},{""item_node"":""item:1123"",""item_id"":1123,""item_name"":""石墨烯"",""quantity"":10,""source_edge_id"":1872},{""item_node"":""item:1303"",""item_id"":1303,""item_name"":""处理器"",""quantity"":8,""source_edge_id"":1873}]",1,"[{""item_node"":""item:2310"",""item_id"":2310,""item_name"":""微型粒子对撞机"",""quantity"":1,""source_edge_id"":1874}]","[{""tech_node"":""tech:1142"",""tech_id"":1142,""tech_name"":""T微型粒子对撞机"",""source_edge_id"":117}]",scc:0300
recipe:40,40,重氢,Particle,5,150,false,false,true,1,"[{""item_node"":""item:1120"",""item_id"":1120,""item_name"":""氢"",""quantity"":10,""source_edge_id"":1875}]",1,"[{""item_node"":""item:1121"",""item_id"":1121,""item_name"":""重氢"",""quantity"":5,""source_edge_id"":1876}]","[{""tech_node"":""tech:1142"",""tech_id"":1142,""tech_name"":""T微型粒子对撞机"",""source_edge_id"":118}]",scc:0100
recipe:41,41,氘核燃料棒,Assemble,4,720,true,false,false,3,"[{""item_node"":""item:1107"",""item_id"":1107,""item_name"":""钛合金"",""quantity"":1,""source_edge_id"":1877},{""item_node"":""item:1121"",""item_id"":1121,""item_name"":""重氢"",""quantity"":20,""source_edge_id"":1878},{""item_node"":""item:1205"",""item_id"":1205,""item_name"":""超级磁场环"",""quantity"":1,""source_edge_id"":1879}]",1,"[{""item_node"":""item:1802"",""item_id"":1802,""item_name"":""氘核燃料棒"",""quantity"":2,""source_edge_id"":1880}]","[{""tech_node"":""tech:1416"",""tech_id"":1416,""tech_name"":""T微型核聚变发电"",""source_edge_id"":246}]",scc:0302
recipe:42,42,湮灭约束球,Assemble,4,1200,true,false,false,2,"[{""item_node"":""item:1206"",""item_id"":1206,""item_name"":""粒子容器"",""quantity"":1,""source_edge_id"":1881},{""item_node"":""item:1303"",""item_id"":1303,""item_name"":""处理器"",""quantity"":1,""source_edge_id"":1882}]",1,"[{""item_node"":""item:1403"",""item_id"":1403,""item_name"":""湮灭约束球"",""quantity"":1,""source_edge_id"":1883}]","[{""tech_node"":""tech:1145"",""tech_id"":1145,""tech_name"":""T可控湮灭反应"",""source_edge_id"":134}]",scc:0303
recipe:43,43,人造恒星,Assemble,4,1800,true,false,false,4,"[{""item_node"":""item:1107"",""item_id"":1107,""item_name"":""钛合金"",""quantity"":20,""source_edge_id"":1884},{""item_node"":""item:1125"",""item_id"":1125,""item_name"":""框架材料"",""quantity"":20,""source_edge_id"":1885},{""item_node"":""item:1403"",""item_id"":1403,""item_name"":""湮灭约束球"",""quantity"":10,""source_edge_id"":1886},{""item_node"":""item:1305"",""item_id"":1305,""item_name"":""量子芯片"",""quantity"":10,""source_edge_id"":1887}]",1,"[{""item_node"":""item:2210"",""item_id"":2210,""item_name"":""人造恒星"",""quantity"":1,""source_edge_id"":1888}]","[{""tech_node"":""tech:1144"",""tech_id"":1144,""tech_name"":""T人造恒星"",""source_edge_id"":130}]",scc:0304
recipe:44,44,反物质燃料棒,Assemble,4,1440,false,false,true,4,"[{""item_node"":""item:1122"",""item_id"":1122,""item_name"":""反物质"",""quantity"":12,""source_edge_id"":1889},{""item_node"":""item:1120"",""item_id"":1120,""item_name"":""氢"",""quantity"":12,""source_edge_id"":1890},{""item_node"":""item:1403"",""item_id"":1403,""item_name"":""湮灭约束球"",""quantity"":1,""source_edge_id"":1891},{""item_node"":""item:1107"",""item_id"":1107,""item_name"":""钛合金"",""quantity"":1,""source_edge_id"":1892}]",1,"[{""item_node"":""item:1803"",""item_id"":1803,""item_name"":""反物质燃料棒"",""quantity"":2,""source_edge_id"":1893}]","[{""tech_node"":""tech:1145"",""tech_id"":1145,""tech_name"":""T可控湮灭反应"",""source_edge_id"":135}]",scc:0305
recipe:45,45,制造台 Mk.I,Assemble,4,120,true,false,false,3,"[{""item_node"":""item:1101"",""item_id"":1101,""item_name"":""铁块"",""quantity"":4,""source_edge_id"":1894},{""item_node"":""item:1201"",""item_id"":1201,""item_name"":""齿轮"",""quantity"":8,""source_edge_id"":1895},{""item_node"":""item:1301"",""item_id"":1301,""item_name"":""电路板"",""quantity"":4,""source_edge_id"":1896}]",1,"[{""item_node"":""item:2303"",""item_id"":2303,""item_name"":""制造台 Mk.I"",""quantity"":1,""source_edge_id"":1897}]","[{""tech_node"":""tech:1201"",""tech_id"":1201,""tech_name"":""T基础制造工艺"",""source_edge_id"":155}]",scc:0306
recipe:46,46,制造台 Mk.II,Assemble,4,180,true,false,false,3,"[{""item_node"":""item:2303"",""item_id"":2303,""item_name"":""制造台 Mk.I"",""quantity"":1,""source_edge_id"":1898},{""item_node"":""item:1123"",""item_id"":1123,""item_name"":""石墨烯"",""quantity"":8,""source_edge_id"":1899},{""item_node"":""item:1303"",""item_id"":1303,""item_name"":""处理器"",""quantity"":4,""source_edge_id"":1900}]",1,"[{""item_node"":""item:2304"",""item_id"":2304,""item_name"":""制造台 Mk.II"",""quantity"":1,""source_edge_id"":1901}]","[{""tech_node"":""tech:1202"",""tech_id"":1202,""tech_name"":""T高速制造工艺"",""source_edge_id"":161}]",scc:0307
recipe:47,47,制造台 Mk.III,Assemble,4,240,true,false,false,3,"[{""item_node"":""item:2304"",""item_id"":2304,""item_name"":""制造台 Mk.II"",""quantity"":1,""source_edge_id"":1902},{""item_node"":""item:1402"",""item_id"":1402,""item_name"":""粒子宽带"",""quantity"":8,""source_edge_id"":1903},{""item_node"":""item:1305"",""item_id"":1305,""item_name"":""量子芯片"",""quantity"":2,""source_edge_id"":1904}]",1,"[{""item_node"":""item:2305"",""item_id"":2305,""item_name"":""制造台 Mk.III"",""quantity"":1,""source_edge_id"":1905}]","[{""tech_node"":""tech:1203"",""tech_id"":1203,""tech_name"":""T量子打印技术"",""source_edge_id"":169}]",scc:0308
recipe:48,48,采矿机,Assemble,4,180,true,false,false,4,"[{""item_node"":""item:1101"",""item_id"":1101,""item_name"":""铁块"",""quantity"":4,""source_edge_id"":1906},{""item_node"":""item:1301"",""item_id"":1301,""item_name"":""电路板"",""quantity"":2,""source_edge_id"":1907},{""item_node"":""item:1202"",""item_id"":1202,""item_name"":""磁线圈"",""quantity"":2,""source_edge_id"":1908},{""item_node"":""item:1201"",""item_id"":1201,""item_name"":""齿轮"",""quantity"":2,""source_edge_id"":1909}]",1,"[{""item_node"":""item:2301"",""item_id"":2301,""item_name"":""采矿机"",""quantity"":1,""source_edge_id"":1910}]","[{""tech_node"":""tech:1001"",""tech_id"":1001,""tech_name"":""Electromagnetism"",""source_edge_id"":5}]",scc:0309
recipe:49,49,抽水站,Assemble,4,240,true,false,false,4,"[{""item_node"":""item:1101"",""item_id"":1101,""item_name"":""铁块"",""quantity"":8,""source_edge_id"":1911},{""item_node"":""item:1108"",""item_id"":1108,""item_name"":""石材"",""quantity"":4,""source_edge_id"":1912},{""item_node"":""item:1203"",""item_id"":1203,""item_name"":""电动机"",""quantity"":4,""source_edge_id"":1913},{""item_node"":""item:1301"",""item_id"":1301,""item_name"":""电路板"",""quantity"":2,""source_edge_id"":1914}]",1,"[{""item_node"":""item:2306"",""item_id"":2306,""item_name"":""抽水站"",""quantity"":1,""source_edge_id"":1915}]","[{""tech_node"":""tech:1120"",""tech_id"":1120,""tech_name"":""T流体储存封装"",""source_edge_id"":55}]",scc:0310
recipe:50,50,电路板,Assemble,4,60,true,false,false,2,"[{""item_node"":""item:1101"",""item_id"":1101,""item_name"":""铁块"",""quantity"":2,""source_edge_id"":1916},{""item_node"":""item:1104"",""item_id"":1104,""item_name"":""铜块"",""quantity"":1,""source_edge_id"":1917}]",1,"[{""item_node"":""item:1301"",""item_id"":1301,""item_name"":""电路板"",""quantity"":2,""source_edge_id"":1918}]",[],scc:0312
recipe:51,51,处理器,Assemble,4,180,true,false,false,2,"[{""item_node"":""item:1301"",""item_id"":1301,""item_name"":""电路板"",""quantity"":2,""source_edge_id"":1919},{""item_node"":""item:1302"",""item_id"":1302,""item_name"":""微晶元件"",""quantity"":2,""source_edge_id"":1920}]",1,"[{""item_node"":""item:1303"",""item_id"":1303,""item_name"":""处理器"",""quantity"":1,""source_edge_id"":1921}]","[{""tech_node"":""tech:1302"",""tech_id"":1302,""tech_name"":""Processor"",""source_edge_id"":173}]",scc:0313
recipe:52,52,量子芯片,Assemble,4,360,true,false,false,2,"[{""item_node"":""item:1303"",""item_id"":1303,""item_name"":""处理器"",""quantity"":2,""source_edge_id"":1922},{""item_node"":""item:1304"",""item_id"":1304,""item_name"":""位面过滤器"",""quantity"":2,""source_edge_id"":1923}]",1,"[{""item_node"":""item:1305"",""item_id"":1305,""item_name"":""量子芯片"",""quantity"":1,""source_edge_id"":1924}]","[{""tech_node"":""tech:1303"",""tech_id"":1303,""tech_name"":""Quantum Chip"",""source_edge_id"":179}]",scc:0100
recipe:53,53,微晶元件,Assemble,4,120,true,false,false,2,"[{""item_node"":""item:1105"",""item_id"":1105,""item_name"":""High-Purity Silicon"",""quantity"":2,""source_edge_id"":1925},{""item_node"":""item:1104"",""item_id"":1104,""item_name"":""铜块"",""quantity"":1,""source_edge_id"":1926}]",1,"[{""item_node"":""item:1302"",""item_id"":1302,""item_name"":""微晶元件"",""quantity"":1,""source_edge_id"":1927}]","[{""tech_node"":""tech:1311"",""tech_id"":1311,""tech_name"":""T半导体材料"",""source_edge_id"":196}]",scc:0314
recipe:54,54,有机晶体（原始）,Assemble,4,360,true,false,false,3,"[{""item_node"":""item:1030"",""item_id"":1030,""item_name"":""木材"",""quantity"":20,""source_edge_id"":1928},{""item_node"":""item:1031"",""item_id"":1031,""item_name"":""植物燃料"",""quantity"":30,""source_edge_id"":1929},{""item_node"":""item:1000"",""item_id"":1000,""item_name"":""水"",""quantity"":10,""source_edge_id"":1930}]",1,"[{""item_node"":""item:1117"",""item_id"":1117,""item_name"":""Organic Crystal"",""quantity"":1,""source_edge_id"":1931}]","[{""tech_node"":""tech:1122"",""tech_id"":1122,""tech_name"":""T高分子化工"",""source_edge_id"":67}]",scc:0100
recipe:55,55,信息矩阵,Research,15,600,true,false,false,2,"[{""item_node"":""item:1303"",""item_id"":1303,""item_name"":""处理器"",""quantity"":2,""source_edge_id"":1932},{""item_node"":""item:1402"",""item_id"":1402,""item_name"":""粒子宽带"",""quantity"":1,""source_edge_id"":1933}]",1,"[{""item_node"":""item:6004"",""item_id"":6004,""item_name"":""Information Matrix"",""quantity"":1,""source_edge_id"":1934}]","[{""tech_node"":""tech:1312"",""tech_id"":1312,""tech_name"":""Information Matrix"",""source_edge_id"":201}]",scc:0100
recipe:56,56,电弧熔炉,Assemble,4,180,true,false,false,4,"[{""item_node"":""item:1101"",""item_id"":1101,""item_name"":""铁块"",""quantity"":4,""source_edge_id"":1935},{""item_node"":""item:1108"",""item_id"":1108,""item_name"":""石材"",""quantity"":2,""source_edge_id"":1936},{""item_node"":""item:1301"",""item_id"":1301,""item_name"":""电路板"",""quantity"":4,""source_edge_id"":1937},{""item_node"":""item:1202"",""item_id"":1202,""item_name"":""磁线圈"",""quantity"":2,""source_edge_id"":1938}]",1,"[{""item_node"":""item:2302"",""item_id"":2302,""item_name"":""电弧熔炉"",""quantity"":1,""source_edge_id"":1939}]","[{""tech_node"":""tech:1401"",""tech_id"":1401,""tech_name"":""T自动化冶金"",""source_edge_id"":205}]",scc:0315
recipe:57,57,玻璃,Smelt,1,120,true,false,false,1,"[{""item_node"":""item:1005"",""item_id"":1005,""item_name"":""Stone"",""quantity"":2,""source_edge_id"":1940}]",1,"[{""item_node"":""item:1110"",""item_id"":1110,""item_name"":""玻璃"",""quantity"":1,""source_edge_id"":1941}]","[{""tech_node"":""tech:1401"",""tech_id"":1401,""tech_name"":""T自动化冶金"",""source_edge_id"":206}]",scc:0316
recipe:58,58,X射线裂解,Refine,3,240,false,false,true,2,"[{""item_node"":""item:1114"",""item_id"":1114,""item_name"":""精炼油"",""quantity"":1,""source_edge_id"":1942},{""item_node"":""item:1120"",""item_id"":1120,""item_name"":""氢"",""quantity"":2,""source_edge_id"":1943}]",2,"[{""item_node"":""item:1120"",""item_id"":1120,""item_name"":""氢"",""quantity"":3,""source_edge_id"":1944},{""item_node"":""item:1109"",""item_id"":1109,""item_name"":""高能石墨"",""quantity"":1,""source_edge_id"":1945}]","[{""tech_node"":""tech:1103"",""tech_id"":1103,""tech_name"":""TX射线裂解"",""source_edge_id"":31}]",scc:0100
recipe:59,59,高纯硅块,Smelt,1,120,true,false,false,1,"[{""item_node"":""item:1003"",""item_id"":1003,""item_name"":""Silicon Ore"",""quantity"":2,""source_edge_id"":1946}]",1,"[{""item_node"":""item:1105"",""item_id"":1105,""item_name"":""High-Purity Silicon"",""quantity"":1,""source_edge_id"":1947}]","[{""tech_node"":""tech:1402"",""tech_id"":1402,""tech_name"":""Smelting Purification"",""source_edge_id"":212}]",scc:0317
recipe:60,60,金刚石,Smelt,1,120,false,false,false,1,"[{""item_node"":""item:1109"",""item_id"":1109,""item_name"":""高能石墨"",""quantity"":1,""source_edge_id"":1948}]",1,"[{""item_node"":""item:1112"",""item_id"":1112,""item_name"":""金刚石"",""quantity"":1,""source_edge_id"":1949}]","[{""tech_node"":""tech:1403"",""tech_id"":1403,""tech_name"":""T晶体冶炼"",""source_edge_id"":216}]",scc:0100
recipe:61,61,金刚石（高效）,Smelt,1,90,false,false,false,1,"[{""item_node"":""item:1012"",""item_id"":1012,""item_name"":""金伯利矿石"",""quantity"":1,""source_edge_id"":1950}]",1,"[{""item_node"":""item:1112"",""item_id"":1112,""item_name"":""金刚石"",""quantity"":2,""source_edge_id"":1951}]","[{""tech_node"":""tech:1403"",""tech_id"":1403,""tech_name"":""T晶体冶炼"",""source_edge_id"":217}]",scc:0100
recipe:62,62,晶格硅（高效）,Assemble,4,90,false,false,false,1,"[{""item_node"":""item:1013"",""item_id"":1013,""item_name"":""分形硅石"",""quantity"":1,""source_edge_id"":1952}]",1,"[{""item_node"":""item:1113"",""item_id"":1113,""item_name"":""晶格硅"",""quantity"":2,""source_edge_id"":1953}]","[{""tech_node"":""tech:1133"",""tech_id"":1133,""tech_name"":""T粒子可控技术"",""source_edge_id"":100}]",scc:0100
recipe:63,63,钢材,Smelt,1,180,false,false,false,1,"[{""item_node"":""item:1101"",""item_id"":1101,""item_name"":""铁块"",""quantity"":3,""source_edge_id"":1954}]",1,"[{""item_node"":""item:1103"",""item_id"":1103,""item_name"":""钢材"",""quantity"":1,""source_edge_id"":1955}]","[{""tech_node"":""tech:1411"",""tech_id"":1411,""tech_name"":""T钢材冶炼"",""source_edge_id"":221}]",scc:0319
recipe:64,64,火力发电厂,Assemble,4,300,true,false,false,4,"[{""item_node"":""item:1101"",""item_id"":1101,""item_name"":""铁块"",""quantity"":10,""source_edge_id"":1956},{""item_node"":""item:1108"",""item_id"":1108,""item_name"":""石材"",""quantity"":4,""source_edge_id"":1957},{""item_node"":""item:1201"",""item_id"":1201,""item_name"":""齿轮"",""quantity"":4,""source_edge_id"":1958},{""item_node"":""item:1202"",""item_id"":1202,""item_name"":""磁线圈"",""quantity"":4,""source_edge_id"":1959}]",1,"[{""item_node"":""item:2204"",""item_id"":2204,""item_name"":""火力发电厂"",""quantity"":1,""source_edge_id"":1960}]","[{""tech_node"":""tech:1412"",""tech_id"":1412,""tech_name"":""T火力发电"",""source_edge_id"":226}]",scc:0320
recipe:65,65,钛块,Smelt,1,120,true,false,false,1,"[{""item_node"":""item:1004"",""item_id"":1004,""item_name"":""Titanium Ore"",""quantity"":2,""source_edge_id"":1961}]",1,"[{""item_node"":""item:1106"",""item_id"":1106,""item_name"":""Titanium Ingot"",""quantity"":1,""source_edge_id"":1962}]","[{""tech_node"":""tech:1413"",""tech_id"":1413,""tech_name"":""Titanium Smelting"",""source_edge_id"":231}]",scc:0100
recipe:66,66,钛合金,Smelt,1,720,false,false,false,3,"[{""item_node"":""item:1106"",""item_id"":1106,""item_name"":""Titanium Ingot"",""quantity"":4,""source_edge_id"":1963},{""item_node"":""item:1103"",""item_id"":1103,""item_name"":""钢材"",""quantity"":4,""source_edge_id"":1964},{""item_node"":""item:1116"",""item_id"":1116,""item_name"":""硫酸"",""quantity"":8,""source_edge_id"":1965}]",1,"[{""item_node"":""item:1107"",""item_id"":1107,""item_name"":""钛合金"",""quantity"":4,""source_edge_id"":1966}]","[{""tech_node"":""tech:1414"",""tech_id"":1414,""tech_name"":""High-Strength Titanium Alloy"",""source_edge_id"":236}]",scc:0321
recipe:67,67,太阳能板,Assemble,4,360,true,false,false,3,"[{""item_node"":""item:1104"",""item_id"":1104,""item_name"":""铜块"",""quantity"":10,""source_edge_id"":1967},{""item_node"":""item:1105"",""item_id"":1105,""item_name"":""High-Purity Silicon"",""quantity"":10,""source_edge_id"":1968},{""item_node"":""item:1301"",""item_id"":1301,""item_name"":""电路板"",""quantity"":5,""source_edge_id"":1969}]",1,"[{""item_node"":""item:2205"",""item_id"":2205,""item_name"":""太阳能板"",""quantity"":1,""source_edge_id"":1970}]","[{""tech_node"":""tech:1501"",""tech_id"":1501,""tech_name"":""T太阳能收集"",""source_edge_id"":258}]",scc:0322
recipe:68,68,光子合并器,Assemble,4,180,true,false,false,2,"[{""item_node"":""item:1111"",""item_id"":1111,""item_name"":""棱镜"",""quantity"":2,""source_edge_id"":1971},{""item_node"":""item:1301"",""item_id"":1301,""item_name"":""电路板"",""quantity"":1,""source_edge_id"":1972}]",1,"[{""item_node"":""item:1404"",""item_id"":1404,""item_name"":""光子合并器"",""quantity"":1,""source_edge_id"":1973}]","[{""tech_node"":""tech:1502"",""tech_id"":1502,""tech_name"":""T光子变频"",""source_edge_id"":263}]",scc:0323
recipe:69,69,光子合并器（高效）,Assemble,4,180,false,false,false,2,"[{""item_node"":""item:1014"",""item_id"":1014,""item_name"":""光栅石"",""quantity"":1,""source_edge_id"":1974},{""item_node"":""item:1301"",""item_id"":1301,""item_name"":""电路板"",""quantity"":1,""source_edge_id"":1975}]",1,"[{""item_node"":""item:1404"",""item_id"":1404,""item_name"":""光子合并器"",""quantity"":1,""source_edge_id"":1976}]","[{""tech_node"":""tech:1502"",""tech_id"":1502,""tech_name"":""T光子变频"",""source_edge_id"":264}]",scc:0324
recipe:70,70,太阳帆,Assemble,4,240,true,false,false,2,"[{""item_node"":""item:1123"",""item_id"":1123,""item_name"":""石墨烯"",""quantity"":1,""source_edge_id"":1977},{""item_node"":""item:1404"",""item_id"":1404,""item_name"":""光子合并器"",""quantity"":1,""source_edge_id"":1978}]",1,"[{""item_node"":""item:1501"",""item_id"":1501,""item_name"":""太阳帆"",""quantity"":2,""source_edge_id"":1979}]","[{""tech_node"":""tech:1503"",""tech_id"":1503,""tech_name"":""T太阳帆轨道系统"",""source_edge_id"":269}]",scc:0326
recipe:71,71,电磁轨道弹射器,Assemble,4,360,true,false,false,4,"[{""item_node"":""item:1103"",""item_id"":1103,""item_name"":""钢材"",""quantity"":20,""source_edge_id"":1980},{""item_node"":""item:1201"",""item_id"":1201,""item_name"":""齿轮"",""quantity"":20,""source_edge_id"":1981},{""item_node"":""item:1303"",""item_id"":1303,""item_name"":""处理器"",""quantity"":5,""source_edge_id"":1982},{""item_node"":""item:1205"",""item_id"":1205,""item_name"":""超级磁场环"",""quantity"":10,""source_edge_id"":1983}]",1,"[{""item_node"":""item:2311"",""item_id"":2311,""item_name"":""电磁轨道弹射器"",""quantity"":1,""source_edge_id"":1984}]","[{""tech_node"":""tech:1503"",""tech_id"":1503,""tech_name"":""T太阳帆轨道系统"",""source_edge_id"":270}]",scc:0327
recipe:72,72,射线接收站,Assemble,4,480,true,false,false,5,"[{""item_node"":""item:1103"",""item_id"":1103,""item_name"":""钢材"",""quantity"":20,""source_edge_id"":1985},{""item_node"":""item:1105"",""item_id"":1105,""item_name"":""High-Purity Silicon"",""quantity"":20,""source_edge_id"":1986},{""item_node"":""item:1404"",""item_id"":1404,""item_name"":""光子合并器"",""quantity"":10,""source_edge_id"":1987},{""item_node"":""item:1303"",""item_id"":1303,""item_name"":""处理器"",""quantity"":5,""source_edge_id"":1988},{""item_node"":""item:1205"",""item_id"":1205,""item_name"":""超级磁场环"",""quantity"":20,""source_edge_id"":1989}]",1,"[{""item_node"":""item:2208"",""item_id"":2208,""item_name"":""射线接收站"",""quantity"":1,""source_edge_id"":1990}]","[{""tech_node"":""tech:1504"",""tech_id"":1504,""tech_name"":""T射线接收站"",""source_edge_id"":274}]",scc:0328
recipe:73,73,卫星配电站,Assemble,4,300,true,false,false,3,"[{""item_node"":""item:2202"",""item_id"":2202,""item_name"":""无线输电塔"",""quantity"":1,""source_edge_id"":1991},{""item_node"":""item:1205"",""item_id"":1205,""item_name"":""超级磁场环"",""quantity"":10,""source_edge_id"":1992},{""item_node"":""item:1125"",""item_id"":1125,""item_name"":""框架材料"",""quantity"":2,""source_edge_id"":1993}]",1,"[{""item_node"":""item:2212"",""item_id"":2212,""item_name"":""卫星配电站"",""quantity"":1,""source_edge_id"":1994}]","[{""tech_node"":""tech:1712"",""tech_id"":1712,""tech_name"":""T卫星配电系统"",""source_edge_id"":432}]",scc:0329
recipe:74,74,光子物质化,Particle,5,120,false,false,true,1,"[{""item_node"":""item:1208"",""item_id"":1208,""item_name"":""临界光子"",""quantity"":2,""source_edge_id"":1995}]",2,"[{""item_node"":""item:1122"",""item_id"":1122,""item_name"":""反物质"",""quantity"":2,""source_edge_id"":1996},{""item_node"":""item:1120"",""item_id"":1120,""item_name"":""氢"",""quantity"":2,""source_edge_id"":1997}]","[{""tech_node"":""tech:1506"",""tech_id"":1506,""tech_name"":""Dirac Inversion Mechanism"",""source_edge_id"":288}]",scc:0100
recipe:75,75,宇宙矩阵,Research,15,900,false,false,false,6,"[{""item_node"":""item:6001"",""item_id"":6001,""item_name"":""Electromagnetic Matrix"",""quantity"":1,""source_edge_id"":1998},{""item_node"":""item:6002"",""item_id"":6002,""item_name"":""Energy Matrix"",""quantity"":1,""source_edge_id"":1999},{""item_node"":""item:6003"",""item_id"":6003,""item_name"":""Structure Matrix"",""quantity"":1,""source_edge_id"":2000},{""item_node"":""item:6004"",""item_id"":6004,""item_name"":""Information Matrix"",""quantity"":1,""source_edge_id"":2001},{""item_node"":""item:6005"",""item_id"":6005,""item_name"":""Gravity Matrix"",""quantity"":1,""source_edge_id"":2002},{""item_node"":""item:1122"",""item_id"":1122,""item_name"":""反物质"",""quantity"":1,""source_edge_id"":2003}]",1,"[{""item_node"":""item:6006"",""item_id"":6006,""item_name"":""Universe Matrix"",""quantity"":1,""source_edge_id"":2004}]","[{""tech_node"":""tech:1507"",""tech_id"":1507,""tech_name"":""Universe Matrix"",""source_edge_id"":295}]",scc:0330
recipe:76,76,蓄电器,Assemble,4,180,true,false,false,3,"[{""item_node"":""item:1101"",""item_id"":1101,""item_name"":""铁块"",""quantity"":6,""source_edge_id"":2005},{""item_node"":""item:1205"",""item_id"":1205,""item_name"":""超级磁场环"",""quantity"":1,""source_edge_id"":2006},{""item_node"":""item:1113"",""item_id"":1113,""item_name"":""晶格硅"",""quantity"":3,""source_edge_id"":2007}]",1,"[{""item_node"":""item:2206"",""item_id"":2206,""item_name"":""蓄电器"",""quantity"":1,""source_edge_id"":2008}]","[{""tech_node"":""tech:1511"",""tech_id"":1511,""tech_name"":""T能量储存"",""source_edge_id"":304}]",scc:0331
recipe:77,77,能量枢纽,Assemble,4,900,true,false,false,4,"[{""item_node"":""item:1107"",""item_id"":1107,""item_name"":""钛合金"",""quantity"":40,""source_edge_id"":2009},{""item_node"":""item:1103"",""item_id"":1103,""item_name"":""钢材"",""quantity"":40,""source_edge_id"":2010},{""item_node"":""item:1303"",""item_id"":1303,""item_name"":""处理器"",""quantity"":40,""source_edge_id"":2011},{""item_node"":""item:1206"",""item_id"":1206,""item_name"":""粒子容器"",""quantity"":8,""source_edge_id"":2012}]",1,"[{""item_node"":""item:2209"",""item_id"":2209,""item_name"":""能量枢纽"",""quantity"":1,""source_edge_id"":2013}]","[{""tech_node"":""tech:1512"",""tech_id"":1512,""tech_name"":""T星际电力运输"",""source_edge_id"":310}]",scc:0332
recipe:78,78,空间翘曲器,Assemble,4,600,true,false,false,1,"[{""item_node"":""item:1209"",""item_id"":1209,""item_name"":""引力透镜"",""quantity"":1,""source_edge_id"":2014}]",1,"[{""item_node"":""item:1210"",""item_id"":1210,""item_name"":""空间翘曲器"",""quantity"":1,""source_edge_id"":2015}]","[{""tech_node"":""tech:1704"",""tech_id"":1704,""tech_name"":""Gravitational Wave Refraction"",""source_edge_id"":414}]",scc:0333
recipe:79,79,空间翘曲器（高级）,Assemble,4,600,true,false,false,1,"[{""item_node"":""item:6005"",""item_id"":6005,""item_name"":""Gravity Matrix"",""quantity"":1,""source_edge_id"":2016}]",1,"[{""item_node"":""item:1210"",""item_id"":1210,""item_name"":""空间翘曲器"",""quantity"":8,""source_edge_id"":2017}]","[{""tech_node"":""tech:1705"",""tech_id"":1705,""tech_name"":""Gravity Matrix"",""source_edge_id"":421}]",scc:0334
recipe:80,80,框架材料,Assemble,4,360,true,false,false,3,"[{""item_node"":""item:1124"",""item_id"":1124,""item_name"":""碳纳米管"",""quantity"":4,""source_edge_id"":2018},{""item_node"":""item:1107"",""item_id"":1107,""item_name"":""钛合金"",""quantity"":1,""source_edge_id"":2019},{""item_node"":""item:1105"",""item_id"":1105,""item_name"":""High-Purity Silicon"",""quantity"":1,""source_edge_id"":2020}]",1,"[{""item_node"":""item:1125"",""item_id"":1125,""item_name"":""框架材料"",""quantity"":1,""source_edge_id"":2021}]","[{""tech_node"":""tech:1521"",""tech_id"":1521,""tech_name"":""T高强度轻质结构"",""source_edge_id"":320}]",scc:0336
recipe:81,81,戴森球组件,Assemble,4,480,true,false,false,3,"[{""item_node"":""item:1125"",""item_id"":1125,""item_name"":""框架材料"",""quantity"":3,""source_edge_id"":2022},{""item_node"":""item:1501"",""item_id"":1501,""item_name"":""太阳帆"",""quantity"":3,""source_edge_id"":2023},{""item_node"":""item:1303"",""item_id"":1303,""item_name"":""处理器"",""quantity"":3,""source_edge_id"":2024}]",1,"[{""item_node"":""item:1502"",""item_id"":1502,""item_name"":""戴森球组件"",""quantity"":1,""source_edge_id"":2025}]","[{""tech_node"":""tech:1521"",""tech_id"":1521,""tech_name"":""T高强度轻质结构"",""source_edge_id"":321}]",scc:0337
recipe:82,82,垂直发射井,Assemble,4,1800,true,false,false,4,"[{""item_node"":""item:1107"",""item_id"":1107,""item_name"":""钛合金"",""quantity"":80,""source_edge_id"":2026},{""item_node"":""item:1125"",""item_id"":1125,""item_name"":""框架材料"",""quantity"":30,""source_edge_id"":2027},{""item_node"":""item:1209"",""item_id"":1209,""item_name"":""引力透镜"",""quantity"":20,""source_edge_id"":2028},{""item_node"":""item:1305"",""item_id"":1305,""item_name"":""量子芯片"",""quantity"":10,""source_edge_id"":2029}]",1,"[{""item_node"":""item:2312"",""item_id"":2312,""item_name"":""垂直发射井"",""quantity"":1,""source_edge_id"":2030}]","[{""tech_node"":""tech:1522"",""tech_id"":1522,""tech_name"":""T垂直发射井"",""source_edge_id"":328}]",scc:0338
recipe:83,83,小型运载火箭,Assemble,4,360,true,false,false,3,"[{""item_node"":""item:1502"",""item_id"":1502,""item_name"":""戴森球组件"",""quantity"":2,""source_edge_id"":2031},{""item_node"":""item:1802"",""item_id"":1802,""item_name"":""氘核燃料棒"",""quantity"":4,""source_edge_id"":2032},{""item_node"":""item:1305"",""item_id"":1305,""item_name"":""量子芯片"",""quantity"":2,""source_edge_id"":2033}]",1,"[{""item_node"":""item:1503"",""item_id"":1503,""item_name"":""小型运载火箭"",""quantity"":1,""source_edge_id"":2034}]","[{""tech_node"":""tech:1522"",""tech_id"":1522,""tech_name"":""T垂直发射井"",""source_edge_id"":329}]",scc:0339
recipe:84,84,低速传送带,Assemble,4,60,true,false,false,2,"[{""item_node"":""item:1101"",""item_id"":1101,""item_name"":""铁块"",""quantity"":2,""source_edge_id"":2035},{""item_node"":""item:1201"",""item_id"":1201,""item_name"":""齿轮"",""quantity"":1,""source_edge_id"":2036}]",1,"[{""item_node"":""item:2001"",""item_id"":2001,""item_name"":""低速传送带"",""quantity"":3,""source_edge_id"":2037}]","[{""tech_node"":""tech:1601"",""tech_id"":1601,""tech_name"":""T基础物流系统"",""source_edge_id"":340}]",scc:0340
recipe:85,85,低速分拣器,Assemble,4,60,true,false,false,2,"[{""item_node"":""item:1101"",""item_id"":1101,""item_name"":""铁块"",""quantity"":1,""source_edge_id"":2038},{""item_node"":""item:1301"",""item_id"":1301,""item_name"":""电路板"",""quantity"":1,""source_edge_id"":2039}]",1,"[{""item_node"":""item:2011"",""item_id"":2011,""item_name"":""低速分拣器"",""quantity"":1,""source_edge_id"":2040}]","[{""tech_node"":""tech:1601"",""tech_id"":1601,""tech_name"":""T基础物流系统"",""source_edge_id"":341}]",scc:0341
recipe:86,86,小型储物仓,Assemble,4,120,true,false,false,2,"[{""item_node"":""item:1101"",""item_id"":1101,""item_name"":""铁块"",""quantity"":4,""source_edge_id"":2041},{""item_node"":""item:1108"",""item_id"":1108,""item_name"":""石材"",""quantity"":4,""source_edge_id"":2042}]",1,"[{""item_node"":""item:2101"",""item_id"":2101,""item_name"":""小型储物仓"",""quantity"":1,""source_edge_id"":2043}]","[{""tech_node"":""tech:1601"",""tech_id"":1601,""tech_name"":""T基础物流系统"",""source_edge_id"":342}]",scc:0342
recipe:87,87,四向分流器,Assemble,4,120,true,false,false,3,"[{""item_node"":""item:1101"",""item_id"":1101,""item_name"":""铁块"",""quantity"":3,""source_edge_id"":2044},{""item_node"":""item:1201"",""item_id"":1201,""item_name"":""齿轮"",""quantity"":2,""source_edge_id"":2045},{""item_node"":""item:1301"",""item_id"":1301,""item_name"":""电路板"",""quantity"":1,""source_edge_id"":2046}]",1,"[{""item_node"":""item:2020"",""item_id"":2020,""item_name"":""四向分流器"",""quantity"":1,""source_edge_id"":2047}]","[{""tech_node"":""tech:1602"",""tech_id"":1602,""tech_name"":""T改良物流系统"",""source_edge_id"":347}]",scc:0343
recipe:88,88,高速分拣器,Assemble,4,60,true,false,false,2,"[{""item_node"":""item:2011"",""item_id"":2011,""item_name"":""低速分拣器"",""quantity"":2,""source_edge_id"":2048},{""item_node"":""item:1203"",""item_id"":1203,""item_name"":""电动机"",""quantity"":1,""source_edge_id"":2049}]",1,"[{""item_node"":""item:2012"",""item_id"":2012,""item_name"":""高速分拣器"",""quantity"":2,""source_edge_id"":2050}]","[{""tech_node"":""tech:1602"",""tech_id"":1602,""tech_name"":""T改良物流系统"",""source_edge_id"":348}]",scc:0344
recipe:89,89,高速传送带,Assemble,4,60,true,false,false,2,"[{""item_node"":""item:2001"",""item_id"":2001,""item_name"":""低速传送带"",""quantity"":3,""source_edge_id"":2051},{""item_node"":""item:1204"",""item_id"":1204,""item_name"":""电磁涡轮"",""quantity"":1,""source_edge_id"":2052}]",1,"[{""item_node"":""item:2002"",""item_id"":2002,""item_name"":""高速传送带"",""quantity"":3,""source_edge_id"":2053}]","[{""tech_node"":""tech:1603"",""tech_id"":1603,""tech_name"":""High-Efficiency Logistics System"",""source_edge_id"":357}]",scc:0345
recipe:90,90,极速分拣器,Assemble,4,60,true,false,false,2,"[{""item_node"":""item:2012"",""item_id"":2012,""item_name"":""高速分拣器"",""quantity"":2,""source_edge_id"":2054},{""item_node"":""item:1204"",""item_id"":1204,""item_name"":""电磁涡轮"",""quantity"":1,""source_edge_id"":2055}]",1,"[{""item_node"":""item:2013"",""item_id"":2013,""item_name"":""极速分拣器"",""quantity"":2,""source_edge_id"":2056}]","[{""tech_node"":""tech:1603"",""tech_id"":1603,""tech_name"":""High-Efficiency Logistics System"",""source_edge_id"":358}]",scc:0347
recipe:91,91,大型储物仓,Assemble,4,240,true,false,false,2,"[{""item_node"":""item:1103"",""item_id"":1103,""item_name"":""钢材"",""quantity"":8,""source_edge_id"":2057},{""item_node"":""item:1108"",""item_id"":1108,""item_name"":""石材"",""quantity"":8,""source_edge_id"":2058}]",1,"[{""item_node"":""item:2102"",""item_id"":2102,""item_name"":""大型储物仓"",""quantity"":1,""source_edge_id"":2059}]","[{""tech_node"":""tech:1603"",""tech_id"":1603,""tech_name"":""High-Efficiency Logistics System"",""source_edge_id"":359}]",scc:0348
recipe:92,92,极速传送带,Assemble,4,60,true,false,false,3,"[{""item_node"":""item:2002"",""item_id"":2002,""item_name"":""高速传送带"",""quantity"":3,""source_edge_id"":2060},{""item_node"":""item:1205"",""item_id"":1205,""item_name"":""超级磁场环"",""quantity"":1,""source_edge_id"":2061},{""item_node"":""item:1123"",""item_id"":1123,""item_name"":""石墨烯"",""quantity"":1,""source_edge_id"":2062}]",1,"[{""item_node"":""item:2003"",""item_id"":2003,""item_name"":""极速传送带"",""quantity"":3,""source_edge_id"":2063}]","[{""tech_node"":""tech:1604"",""tech_id"":1604,""tech_name"":""Planetary Logistics System"",""source_edge_id"":365}]",scc:0349
recipe:93,93,物流运输站,Assemble,4,1200,true,false,false,4,"[{""item_node"":""item:1103"",""item_id"":1103,""item_name"":""钢材"",""quantity"":40,""source_edge_id"":2064},{""item_node"":""item:1106"",""item_id"":1106,""item_name"":""Titanium Ingot"",""quantity"":40,""source_edge_id"":2065},{""item_node"":""item:1303"",""item_id"":1303,""item_name"":""处理器"",""quantity"":40,""source_edge_id"":2066},{""item_node"":""item:1206"",""item_id"":1206,""item_name"":""粒子容器"",""quantity"":20,""source_edge_id"":2067}]",1,"[{""item_node"":""item:2103"",""item_id"":2103,""item_name"":""物流运输站"",""quantity"":1,""source_edge_id"":2068}]","[{""tech_node"":""tech:1604"",""tech_id"":1604,""tech_name"":""Planetary Logistics System"",""source_edge_id"":366}]",scc:0350
recipe:94,94,物流运输机,Assemble,4,240,true,false,false,3,"[{""item_node"":""item:1101"",""item_id"":1101,""item_name"":""铁块"",""quantity"":5,""source_edge_id"":2069},{""item_node"":""item:1303"",""item_id"":1303,""item_name"":""处理器"",""quantity"":2,""source_edge_id"":2070},{""item_node"":""item:1405"",""item_id"":1405,""item_name"":""推进器2"",""quantity"":2,""source_edge_id"":2071}]",1,"[{""item_node"":""item:5001"",""item_id"":5001,""item_name"":""物流运输机"",""quantity"":1,""source_edge_id"":2072}]","[{""tech_node"":""tech:1604"",""tech_id"":1604,""tech_name"":""Planetary Logistics System"",""source_edge_id"":367}]",scc:0351
recipe:95,95,星际物流运输站,Assemble,4,1800,true,false,false,3,"[{""item_node"":""item:2103"",""item_id"":2103,""item_name"":""物流运输站"",""quantity"":1,""source_edge_id"":2073},{""item_node"":""item:1107"",""item_id"":1107,""item_name"":""钛合金"",""quantity"":40,""source_edge_id"":2074},{""item_node"":""item:1206"",""item_id"":1206,""item_name"":""粒子容器"",""quantity"":20,""source_edge_id"":2075}]",1,"[{""item_node"":""item:2104"",""item_id"":2104,""item_name"":""星际物流运输站"",""quantity"":1,""source_edge_id"":2076}]","[{""tech_node"":""tech:1605"",""tech_id"":1605,""tech_name"":""Interstellar Logistics System"",""source_edge_id"":374}]",scc:0352
recipe:96,96,星际物流运输船,Assemble,4,360,true,false,false,3,"[{""item_node"":""item:1107"",""item_id"":1107,""item_name"":""钛合金"",""quantity"":10,""source_edge_id"":2077},{""item_node"":""item:1303"",""item_id"":1303,""item_name"":""处理器"",""quantity"":10,""source_edge_id"":2078},{""item_node"":""item:1406"",""item_id"":1406,""item_name"":""加力推进器"",""quantity"":2,""source_edge_id"":2079}]",1,"[{""item_node"":""item:5002"",""item_id"":5002,""item_name"":""星际物流运输船"",""quantity"":1,""source_edge_id"":2080}]","[{""tech_node"":""tech:1605"",""tech_id"":1605,""tech_name"":""Interstellar Logistics System"",""source_edge_id"":375}]",scc:0353
recipe:97,97,电动机,Assemble,4,120,true,false,false,3,"[{""item_node"":""item:1101"",""item_id"":1101,""item_name"":""铁块"",""quantity"":2,""source_edge_id"":2081},{""item_node"":""item:1201"",""item_id"":1201,""item_name"":""齿轮"",""quantity"":1,""source_edge_id"":2082},{""item_node"":""item:1202"",""item_id"":1202,""item_name"":""磁线圈"",""quantity"":1,""source_edge_id"":2083}]",1,"[{""item_node"":""item:1203"",""item_id"":1203,""item_name"":""电动机"",""quantity"":1,""source_edge_id"":2084}]","[{""tech_node"":""tech:1701"",""tech_id"":1701,""tech_name"":""T电磁驱动"",""source_edge_id"":398}]",scc:0354
recipe:98,98,电磁涡轮,Assemble,4,120,true,false,false,2,"[{""item_node"":""item:1203"",""item_id"":1203,""item_name"":""电动机"",""quantity"":2,""source_edge_id"":2085},{""item_node"":""item:1202"",""item_id"":1202,""item_name"":""磁线圈"",""quantity"":2,""source_edge_id"":2086}]",1,"[{""item_node"":""item:1204"",""item_id"":1204,""item_name"":""电磁涡轮"",""quantity"":1,""source_edge_id"":2087}]","[{""tech_node"":""tech:1702"",""tech_id"":1702,""tech_name"":""T磁悬浮技术"",""source_edge_id"":402}]",scc:0100
recipe:99,99,粒子容器,Assemble,4,240,true,false,false,3,"[{""item_node"":""item:1204"",""item_id"":1204,""item_name"":""电磁涡轮"",""quantity"":2,""source_edge_id"":2088},{""item_node"":""item:1104"",""item_id"":1104,""item_name"":""铜块"",""quantity"":2,""source_edge_id"":2089},{""item_node"":""item:1123"",""item_id"":1123,""item_name"":""石墨烯"",""quantity"":2,""source_edge_id"":2090}]",1,"[{""item_node"":""item:1206"",""item_id"":1206,""item_name"":""粒子容器"",""quantity"":1,""source_edge_id"":2091}]","[{""tech_node"":""tech:1703"",""tech_id"":1703,""tech_name"":""T粒子磁力阱"",""source_edge_id"":406}]",scc:0100
recipe:100,100,粒子容器（高效）,Assemble,4,240,false,false,false,2,"[{""item_node"":""item:1016"",""item_id"":1016,""item_name"":""单极磁石"",""quantity"":10,""source_edge_id"":2092},{""item_node"":""item:1104"",""item_id"":1104,""item_name"":""铜块"",""quantity"":2,""source_edge_id"":2093}]",1,"[{""item_node"":""item:1206"",""item_id"":1206,""item_name"":""粒子容器"",""quantity"":1,""source_edge_id"":2094}]","[{""tech_node"":""tech:1703"",""tech_id"":1703,""tech_name"":""T粒子磁力阱"",""source_edge_id"":407}]",scc:0100
recipe:101,101,引力透镜,Assemble,4,360,true,false,false,2,"[{""item_node"":""item:1112"",""item_id"":1112,""item_name"":""金刚石"",""quantity"":4,""source_edge_id"":2095},{""item_node"":""item:1127"",""item_id"":1127,""item_name"":""奇异物质"",""quantity"":1,""source_edge_id"":2096}]",1,"[{""item_node"":""item:1209"",""item_id"":1209,""item_name"":""引力透镜"",""quantity"":1,""source_edge_id"":2097}]","[{""tech_node"":""tech:1704"",""tech_id"":1704,""tech_name"":""Gravitational Wave Refraction"",""source_edge_id"":413}]",scc:0100
recipe:102,102,引力矩阵,Research,15,1440,true,false,false,2,"[{""item_node"":""item:1209"",""item_id"":1209,""item_name"":""引力透镜"",""quantity"":1,""source_edge_id"":2098},{""item_node"":""item:1305"",""item_id"":1305,""item_name"":""量子芯片"",""quantity"":1,""source_edge_id"":2099}]",1,"[{""item_node"":""item:6005"",""item_id"":6005,""item_name"":""Gravity Matrix"",""quantity"":2,""source_edge_id"":2100}]","[{""tech_node"":""tech:1705"",""tech_id"":1705,""tech_name"":""Gravity Matrix"",""source_edge_id"":420}]",scc:0100
recipe:103,103,超级磁场环,Assemble,4,180,true,false,false,3,"[{""item_node"":""item:1204"",""item_id"":1204,""item_name"":""电磁涡轮"",""quantity"":2,""source_edge_id"":2101},{""item_node"":""item:1102"",""item_id"":1102,""item_name"":""磁铁"",""quantity"":3,""source_edge_id"":2102},{""item_node"":""item:1109"",""item_id"":1109,""item_name"":""高能石墨"",""quantity"":1,""source_edge_id"":2103}]",1,"[{""item_node"":""item:1205"",""item_id"":1205,""item_name"":""超级磁场环"",""quantity"":1,""source_edge_id"":2104}]","[{""tech_node"":""tech:1711"",""tech_id"":1711,""tech_name"":""Super Magnetic Field Generator"",""source_edge_id"":425}]",scc:0229
recipe:104,104,奇异物质,Particle,5,480,false,false,false,3,"[{""item_node"":""item:1206"",""item_id"":1206,""item_name"":""粒子容器"",""quantity"":2,""source_edge_id"":2105},{""item_node"":""item:1101"",""item_id"":1101,""item_name"":""铁块"",""quantity"":2,""source_edge_id"":2106},{""item_node"":""item:1121"",""item_id"":1121,""item_name"":""重氢"",""quantity"":10,""source_edge_id"":2107}]",1,"[{""item_node"":""item:1127"",""item_id"":1127,""item_name"":""奇异物质"",""quantity"":1,""source_edge_id"":2108}]","[{""tech_node"":""tech:1143"",""tech_id"":1143,""tech_name"":""T奇异物质"",""source_edge_id"":123}]",scc:0100
recipe:106,106,增产剂 Mk.I,Assemble,4,30,true,false,false,1,"[{""item_node"":""item:1006"",""item_id"":1006,""item_name"":""煤矿"",""quantity"":1,""source_edge_id"":2109}]",1,"[{""item_node"":""item:1141"",""item_id"":1141,""item_name"":""增产剂 Mk.I"",""quantity"":1,""source_edge_id"":2110}]","[{""tech_node"":""tech:1151"",""tech_id"":1151,""tech_name"":""T增产剂 Mk.I"",""source_edge_id"":139}]",scc:0231
recipe:107,107,增产剂 Mk.II,Assemble,4,60,true,false,false,2,"[{""item_node"":""item:1141"",""item_id"":1141,""item_name"":""增产剂 Mk.I"",""quantity"":2,""source_edge_id"":2111},{""item_node"":""item:1112"",""item_id"":1112,""item_name"":""金刚石"",""quantity"":1,""source_edge_id"":2112}]",1,"[{""item_node"":""item:1142"",""item_id"":1142,""item_name"":""增产剂 Mk.II"",""quantity"":1,""source_edge_id"":2113}]","[{""tech_node"":""tech:1152"",""tech_id"":1152,""tech_name"":""T增产剂 Mk.II"",""source_edge_id"":145}]",scc:0232
recipe:108,108,增产剂 Mk.III,Assemble,4,120,true,false,false,2,"[{""item_node"":""item:1142"",""item_id"":1142,""item_name"":""增产剂 Mk.II"",""quantity"":2,""source_edge_id"":2114},{""item_node"":""item:1124"",""item_id"":1124,""item_name"":""碳纳米管"",""quantity"":1,""source_edge_id"":2115}]",1,"[{""item_node"":""item:1143"",""item_id"":1143,""item_name"":""增产剂 Mk.III"",""quantity"":1,""source_edge_id"":2116}]","[{""tech_node"":""tech:1153"",""tech_id"":1153,""tech_name"":""T增产剂 Mk.III"",""source_edge_id"":151}]",scc:0233
recipe:109,109,喷涂机,Assemble,4,180,true,false,false,4,"[{""item_node"":""item:1103"",""item_id"":1103,""item_name"":""钢材"",""quantity"":4,""source_edge_id"":2117},{""item_node"":""item:1401"",""item_id"":1401,""item_name"":""电浆激发器"",""quantity"":2,""source_edge_id"":2118},{""item_node"":""item:1301"",""item_id"":1301,""item_name"":""电路板"",""quantity"":2,""source_edge_id"":2119},{""item_node"":""item:1302"",""item_id"":1302,""item_name"":""微晶元件"",""quantity"":2,""source_edge_id"":2120}]",1,"[{""item_node"":""item:2313"",""item_id"":2313,""item_name"":""喷涂机"",""quantity"":1,""source_edge_id"":2121}]","[{""tech_node"":""tech:1151"",""tech_id"":1151,""tech_name"":""T增产剂 Mk.I"",""source_edge_id"":140}]",scc:0234
recipe:110,110,分馏塔,Assemble,4,180,true,false,false,4,"[{""item_node"":""item:1103"",""item_id"":1103,""item_name"":""钢材"",""quantity"":8,""source_edge_id"":2122},{""item_node"":""item:1108"",""item_id"":1108,""item_name"":""石材"",""quantity"":4,""source_edge_id"":2123},{""item_node"":""item:1110"",""item_id"":1110,""item_name"":""玻璃"",""quantity"":4,""source_edge_id"":2124},{""item_node"":""item:1303"",""item_id"":1303,""item_name"":""处理器"",""quantity"":1,""source_edge_id"":2125}]",1,"[{""item_node"":""item:2314"",""item_id"":2314,""item_name"":""分馏塔"",""quantity"":1,""source_edge_id"":2126}]","[{""tech_node"":""tech:1134"",""tech_id"":1134,""tech_name"":""T重氢分馏"",""source_edge_id"":105}]",scc:0236
recipe:111,111,轨道采集器,Assemble,4,1800,true,false,false,4,"[{""item_node"":""item:2104"",""item_id"":2104,""item_name"":""星际物流运输站"",""quantity"":1,""source_edge_id"":2127},{""item_node"":""item:1205"",""item_id"":1205,""item_name"":""超级磁场环"",""quantity"":50,""source_edge_id"":2128},{""item_node"":""item:1406"",""item_id"":1406,""item_name"":""加力推进器"",""quantity"":20,""source_edge_id"":2129},{""item_node"":""item:2207"",""item_id"":2207,""item_name"":""蓄电器（满）"",""quantity"":20,""source_edge_id"":2130}]",1,"[{""item_node"":""item:2105"",""item_id"":2105,""item_name"":""轨道采集器"",""quantity"":1,""source_edge_id"":2131}]","[{""tech_node"":""tech:1606"",""tech_id"":1606,""tech_name"":""T气态行星开采"",""source_edge_id"":381}]",scc:0237
recipe:112,112,地基,Assemble,4,60,true,false,false,2,"[{""item_node"":""item:1108"",""item_id"":1108,""item_name"":""石材"",""quantity"":3,""source_edge_id"":2132},{""item_node"":""item:1103"",""item_id"":1103,""item_name"":""钢材"",""quantity"":1,""source_edge_id"":2133}]",1,"[{""item_node"":""item:1131"",""item_id"":1131,""item_name"":""地基"",""quantity"":1,""source_edge_id"":2134}]","[{""tech_node"":""tech:1415"",""tech_id"":1415,""tech_name"":""T移山填海工程"",""source_edge_id"":239}]",scc:0238
recipe:113,113,微型聚变发电站,Assemble,4,600,true,false,false,4,"[{""item_node"":""item:1107"",""item_id"":1107,""item_name"":""钛合金"",""quantity"":12,""source_edge_id"":2135},{""item_node"":""item:1205"",""item_id"":1205,""item_name"":""超级磁场环"",""quantity"":10,""source_edge_id"":2136},{""item_node"":""item:1124"",""item_id"":1124,""item_name"":""碳纳米管"",""quantity"":8,""source_edge_id"":2137},{""item_node"":""item:1303"",""item_id"":1303,""item_name"":""处理器"",""quantity"":4,""source_edge_id"":2138}]",1,"[{""item_node"":""item:2211"",""item_id"":2211,""item_name"":""微型聚变发电站"",""quantity"":1,""source_edge_id"":2139}]","[{""tech_node"":""tech:1416"",""tech_id"":1416,""tech_name"":""T微型核聚变发电"",""source_edge_id"":245}]",scc:0239
recipe:114,114,储液罐,Assemble,4,120,true,false,false,3,"[{""item_node"":""item:1101"",""item_id"":1101,""item_name"":""铁块"",""quantity"":8,""source_edge_id"":2140},{""item_node"":""item:1108"",""item_id"":1108,""item_name"":""石材"",""quantity"":4,""source_edge_id"":2141},{""item_node"":""item:1110"",""item_id"":1110,""item_name"":""玻璃"",""quantity"":4,""source_edge_id"":2142}]",1,"[{""item_node"":""item:2106"",""item_id"":2106,""item_name"":""储液罐"",""quantity"":1,""source_edge_id"":2143}]","[{""tech_node"":""tech:1120"",""tech_id"":1120,""tech_name"":""T流体储存封装"",""source_edge_id"":54}]",scc:0240
recipe:115,115,重氢分馏,Fractionate,8,1,false,false,false,1,"[{""item_node"":""item:1120"",""item_id"":1120,""item_name"":""氢"",""quantity"":100,""source_edge_id"":2144}]",1,"[{""item_node"":""item:1121"",""item_id"":1121,""item_name"":""重氢"",""quantity"":1,""source_edge_id"":2145}]","[{""tech_node"":""tech:1134"",""tech_id"":1134,""tech_name"":""T重氢分馏"",""source_edge_id"":106}]",scc:0100
recipe:116,116,位面熔炉,Assemble,4,300,true,false,false,4,"[{""item_node"":""item:2302"",""item_id"":2302,""item_name"":""电弧熔炉"",""quantity"":1,""source_edge_id"":2146},{""item_node"":""item:1125"",""item_id"":1125,""item_name"":""框架材料"",""quantity"":5,""source_edge_id"":2147},{""item_node"":""item:1304"",""item_id"":1304,""item_name"":""位面过滤器"",""quantity"":4,""source_edge_id"":2148},{""item_node"":""item:1016"",""item_id"":1016,""item_name"":""单极磁石"",""quantity"":15,""source_edge_id"":2149}]",1,"[{""item_node"":""item:2315"",""item_id"":2315,""item_name"":""位面熔炉"",""quantity"":1,""source_edge_id"":2150}]","[{""tech_node"":""tech:1417"",""tech_id"":1417,""tech_name"":""T位面冶金"",""source_edge_id"":253}]",scc:0241
recipe:117,117,流速器,Assemble,4,120,true,false,false,4,"[{""item_node"":""item:1101"",""item_id"":1101,""item_name"":""铁块"",""quantity"":3,""source_edge_id"":2151},{""item_node"":""item:1201"",""item_id"":1201,""item_name"":""齿轮"",""quantity"":2,""source_edge_id"":2152},{""item_node"":""item:1110"",""item_id"":1110,""item_name"":""玻璃"",""quantity"":1,""source_edge_id"":2153},{""item_node"":""item:1301"",""item_id"":1301,""item_name"":""电路板"",""quantity"":2,""source_edge_id"":2154}]",1,"[{""item_node"":""item:2030"",""item_id"":2030,""item_name"":""流速器"",""quantity"":1,""source_edge_id"":2155}]","[{""tech_node"":""tech:1602"",""tech_id"":1602,""tech_name"":""T改良物流系统"",""source_edge_id"":349}]",scc:0242
recipe:118,118,地热发电站,Assemble,4,360,true,false,false,4,"[{""item_node"":""item:1103"",""item_id"":1103,""item_name"":""钢材"",""quantity"":15,""source_edge_id"":2156},{""item_node"":""item:1104"",""item_id"":1104,""item_name"":""铜块"",""quantity"":20,""source_edge_id"":2157},{""item_node"":""item:1404"",""item_id"":1404,""item_name"":""光子合并器"",""quantity"":4,""source_edge_id"":2158},{""item_node"":""item:1205"",""item_id"":1205,""item_name"":""超级磁场环"",""quantity"":1,""source_edge_id"":2159}]",1,"[{""item_node"":""item:2213"",""item_id"":2213,""item_name"":""地热发电站"",""quantity"":1,""source_edge_id"":2160}]","[{""tech_node"":""tech:1513"",""tech_id"":1513,""tech_name"":""T地热开采"",""source_edge_id"":315}]",scc:0243
recipe:119,119,大型采矿机,Assemble,4,1200,true,false,false,5,"[{""item_node"":""item:1107"",""item_id"":1107,""item_name"":""钛合金"",""quantity"":20,""source_edge_id"":2161},{""item_node"":""item:1125"",""item_id"":1125,""item_name"":""框架材料"",""quantity"":10,""source_edge_id"":2162},{""item_node"":""item:1205"",""item_id"":1205,""item_name"":""超级磁场环"",""quantity"":10,""source_edge_id"":2163},{""item_node"":""item:1305"",""item_id"":1305,""item_name"":""量子芯片"",""quantity"":4,""source_edge_id"":2164},{""item_node"":""item:1014"",""item_id"":1014,""item_name"":""光栅石"",""quantity"":40,""source_edge_id"":2165}]",1,"[{""item_node"":""item:2316"",""item_id"":2316,""item_name"":""大型采矿机"",""quantity"":1,""source_edge_id"":2166}]","[{""tech_node"":""tech:1304"",""tech_id"":1304,""tech_name"":""T大型采矿机"",""source_edge_id"":186}]",scc:0244
recipe:120,120,自动集装机,Assemble,4,240,true,false,false,4,"[{""item_node"":""item:1103"",""item_id"":1103,""item_name"":""钢材"",""quantity"":3,""source_edge_id"":2167},{""item_node"":""item:1201"",""item_id"":1201,""item_name"":""齿轮"",""quantity"":4,""source_edge_id"":2168},{""item_node"":""item:1205"",""item_id"":1205,""item_name"":""超级磁场环"",""quantity"":1,""source_edge_id"":2169},{""item_node"":""item:1303"",""item_id"":1303,""item_name"":""处理器"",""quantity"":2,""source_edge_id"":2170}]",1,"[{""item_node"":""item:2040"",""item_id"":2040,""item_name"":""自动集装机"",""quantity"":1,""source_edge_id"":2171}]","[{""tech_node"":""tech:1607"",""tech_id"":1607,""tech_name"":""Integrated Logistics System"",""source_edge_id"":387}]",scc:0246
recipe:121,121,重整精炼,Refine,3,240,false,false,true,3,"[{""item_node"":""item:1114"",""item_id"":1114,""item_name"":""精炼油"",""quantity"":2,""source_edge_id"":2172},{""item_node"":""item:1120"",""item_id"":1120,""item_name"":""氢"",""quantity"":1,""source_edge_id"":2173},{""item_node"":""item:1006"",""item_id"":1006,""item_name"":""煤矿"",""quantity"":1,""source_edge_id"":2174}]",1,"[{""item_node"":""item:1114"",""item_id"":1114,""item_name"":""精炼油"",""quantity"":3,""source_edge_id"":2175}]","[{""tech_node"":""tech:1104"",""tech_id"":1104,""tech_name"":""T重整精炼"",""source_edge_id"":35}]",scc:0100
recipe:122,122,物流配送器,Assemble,4,480,true,false,false,3,"[{""item_node"":""item:1101"",""item_id"":1101,""item_name"":""铁块"",""quantity"":8,""source_edge_id"":2176},{""item_node"":""item:1401"",""item_id"":1401,""item_name"":""电浆激发器"",""quantity"":4,""source_edge_id"":2177},{""item_node"":""item:1303"",""item_id"":1303,""item_name"":""处理器"",""quantity"":4,""source_edge_id"":2178}]",1,"[{""item_node"":""item:2107"",""item_id"":2107,""item_name"":""物流配送器"",""quantity"":1,""source_edge_id"":2179}]","[{""tech_node"":""tech:1608"",""tech_id"":1608,""tech_name"":""T配送物流系统"",""source_edge_id"":393}]",scc:0247
recipe:123,123,配送运输机,Assemble,4,120,true,false,false,3,"[{""item_node"":""item:1101"",""item_id"":1101,""item_name"":""铁块"",""quantity"":2,""source_edge_id"":2180},{""item_node"":""item:1407"",""item_id"":1407,""item_name"":""动力引擎"",""quantity"":1,""source_edge_id"":2181},{""item_node"":""item:1303"",""item_id"":1303,""item_name"":""处理器"",""quantity"":1,""source_edge_id"":2182}]",1,"[{""item_node"":""item:5003"",""item_id"":5003,""item_name"":""配送运输机"",""quantity"":1,""source_edge_id"":2183}]","[{""tech_node"":""tech:1608"",""tech_id"":1608,""tech_name"":""T配送物流系统"",""source_edge_id"":394}]",scc:0248
recipe:124,124,化工厂 Mk.II,Assemble,4,600,true,false,false,4,"[{""item_node"":""item:2309"",""item_id"":2309,""item_name"":""化工厂"",""quantity"":1,""source_edge_id"":2184},{""item_node"":""item:1119"",""item_id"":1119,""item_name"":""钛化玻璃"",""quantity"":10,""source_edge_id"":2185},{""item_node"":""item:1127"",""item_id"":1127,""item_name"":""奇异物质"",""quantity"":3,""source_edge_id"":2186},{""item_node"":""item:1305"",""item_id"":1305,""item_name"":""量子芯片"",""quantity"":3,""source_edge_id"":2187}]",1,"[{""item_node"":""item:2317"",""item_id"":2317,""item_name"":""化工厂 Mk.II"",""quantity"":1,""source_edge_id"":2188}]","[{""tech_node"":""tech:1305"",""tech_id"":1305,""tech_name"":""T高级化工"",""source_edge_id"":193}]",scc:0249
recipe:125,125,高斯机枪塔,Assemble,4,240,true,false,false,4,"[{""item_node"":""item:1101"",""item_id"":1101,""item_name"":""铁块"",""quantity"":8,""source_edge_id"":2189},{""item_node"":""item:1201"",""item_id"":1201,""item_name"":""齿轮"",""quantity"":8,""source_edge_id"":2190},{""item_node"":""item:1301"",""item_id"":1301,""item_name"":""电路板"",""quantity"":2,""source_edge_id"":2191},{""item_node"":""item:1202"",""item_id"":1202,""item_name"":""磁线圈"",""quantity"":4,""source_edge_id"":2192}]",1,"[{""item_node"":""item:3001"",""item_id"":3001,""item_name"":""高斯机枪塔"",""quantity"":1,""source_edge_id"":2193}]","[{""tech_node"":""tech:1801"",""tech_id"":1801,""tech_name"":""T武器系统"",""source_edge_id"":436}]",scc:0250
recipe:126,126,高频激光塔,Assemble,4,360,true,false,false,4,"[{""item_node"":""item:1103"",""item_id"":1103,""item_name"":""钢材"",""quantity"":9,""source_edge_id"":2194},{""item_node"":""item:1401"",""item_id"":1401,""item_name"":""电浆激发器"",""quantity"":6,""source_edge_id"":2195},{""item_node"":""item:1301"",""item_id"":1301,""item_name"":""电路板"",""quantity"":6,""source_edge_id"":2196},{""item_node"":""item:1404"",""item_id"":1404,""item_name"":""光子合并器"",""quantity"":9,""source_edge_id"":2197}]",1,"[{""item_node"":""item:3002"",""item_id"":3002,""item_name"":""高频激光塔"",""quantity"":1,""source_edge_id"":2198}]","[{""tech_node"":""tech:1809"",""tech_id"":1809,""tech_name"":""T行星防御系统"",""source_edge_id"":476}]",scc:0251
recipe:127,127,聚爆加农炮,Assemble,4,300,true,false,false,4,"[{""item_node"":""item:1103"",""item_id"":1103,""item_name"":""钢材"",""quantity"":10,""source_edge_id"":2199},{""item_node"":""item:1203"",""item_id"":1203,""item_name"":""电动机"",""quantity"":8,""source_edge_id"":2200},{""item_node"":""item:1301"",""item_id"":1301,""item_name"":""电路板"",""quantity"":10,""source_edge_id"":2201},{""item_node"":""item:1205"",""item_id"":1205,""item_name"":""超级磁场环"",""quantity"":2,""source_edge_id"":2202}]",1,"[{""item_node"":""item:3003"",""item_id"":3003,""item_name"":""聚爆加农炮"",""quantity"":1,""source_edge_id"":2203}]","[{""tech_node"":""tech:1807"",""tech_id"":1807,""tech_name"":""T聚爆加农炮"",""source_edge_id"":465}]",scc:0252
recipe:128,128,磁化电浆炮,Assemble,4,600,true,false,false,5,"[{""item_node"":""item:1107"",""item_id"":1107,""item_name"":""钛合金"",""quantity"":20,""source_edge_id"":2204},{""item_node"":""item:1119"",""item_id"":1119,""item_name"":""钛化玻璃"",""quantity"":10,""source_edge_id"":2205},{""item_node"":""item:1205"",""item_id"":1205,""item_name"":""超级磁场环"",""quantity"":10,""source_edge_id"":2206},{""item_node"":""item:1401"",""item_id"":1401,""item_name"":""电浆激发器"",""quantity"":5,""source_edge_id"":2207},{""item_node"":""item:1303"",""item_id"":1303,""item_name"":""处理器"",""quantity"":5,""source_edge_id"":2208}]",1,"[{""item_node"":""item:3004"",""item_id"":3004,""item_name"":""磁化电浆炮"",""quantity"":1,""source_edge_id"":2209}]","[{""tech_node"":""tech:1811"",""tech_id"":1811,""tech_name"":""T磁化电浆炮"",""source_edge_id"":490}]",scc:0253
recipe:129,129,导弹防御塔,Assemble,4,360,true,false,false,4,"[{""item_node"":""item:1103"",""item_id"":1103,""item_name"":""钢材"",""quantity"":8,""source_edge_id"":2210},{""item_node"":""item:1203"",""item_id"":1203,""item_name"":""电动机"",""quantity"":6,""source_edge_id"":2211},{""item_node"":""item:1301"",""item_id"":1301,""item_name"":""电路板"",""quantity"":12,""source_edge_id"":2212},{""item_node"":""item:1407"",""item_id"":1407,""item_name"":""动力引擎"",""quantity"":6,""source_edge_id"":2213}]",1,"[{""item_node"":""item:3005"",""item_id"":3005,""item_name"":""导弹防御塔"",""quantity"":1,""source_edge_id"":2214}]","[{""tech_node"":""tech:1806"",""tech_id"":1806,""tech_name"":""T导弹防御塔"",""source_edge_id"":459}]",scc:0254
recipe:130,130,干扰塔,Assemble,4,300,true,false,false,4,"[{""item_node"":""item:1104"",""item_id"":1104,""item_name"":""铜块"",""quantity"":12,""source_edge_id"":2215},{""item_node"":""item:1401"",""item_id"":1401,""item_name"":""电浆激发器"",""quantity"":9,""source_edge_id"":2216},{""item_node"":""item:1112"",""item_id"":1112,""item_name"":""金刚石"",""quantity"":6,""source_edge_id"":2217},{""item_node"":""item:1303"",""item_id"":1303,""item_name"":""处理器"",""quantity"":3,""source_edge_id"":2218}]",1,"[{""item_node"":""item:3006"",""item_id"":3006,""item_name"":""干扰塔"",""quantity"":1,""source_edge_id"":2219}]","[{""tech_node"":""tech:1810"",""tech_id"":1810,""tech_name"":""T干扰塔"",""source_edge_id"":482}]",scc:0256
recipe:131,131,信标,Assemble,4,360,true,false,false,3,"[{""item_node"":""item:2202"",""item_id"":2202,""item_name"":""无线输电塔"",""quantity"":2,""source_edge_id"":2220},{""item_node"":""item:1103"",""item_id"":1103,""item_name"":""钢材"",""quantity"":12,""source_edge_id"":2221},{""item_node"":""item:1113"",""item_id"":1113,""item_name"":""晶格硅"",""quantity"":6,""source_edge_id"":2222}]",1,"[{""item_node"":""item:3007"",""item_id"":3007,""item_name"":""信标"",""quantity"":1,""source_edge_id"":2223}]","[{""tech_node"":""tech:1808"",""tech_id"":1808,""tech_name"":""T信号塔"",""source_edge_id"":471}]",scc:0257
recipe:132,132,护盾发生器,Assemble,4,600,true,false,false,4,"[{""item_node"":""item:1103"",""item_id"":1103,""item_name"":""钢材"",""quantity"":20,""source_edge_id"":2224},{""item_node"":""item:1204"",""item_id"":1204,""item_name"":""电磁涡轮"",""quantity"":20,""source_edge_id"":2225},{""item_node"":""item:1205"",""item_id"":1205,""item_name"":""超级磁场环"",""quantity"":5,""source_edge_id"":2226},{""item_node"":""item:1206"",""item_id"":1206,""item_name"":""粒子容器"",""quantity"":5,""source_edge_id"":2227}]",1,"[{""item_node"":""item:3008"",""item_id"":3008,""item_name"":""护盾发生器"",""quantity"":1,""source_edge_id"":2228}]","[{""tech_node"":""tech:1809"",""tech_id"":1809,""tech_name"":""T行星防御系统"",""source_edge_id"":477}]",scc:0258
recipe:133,133,燃烧单元,Assemble,4,180,true,false,false,1,"[{""item_node"":""item:1006"",""item_id"":1006,""item_name"":""煤矿"",""quantity"":3,""source_edge_id"":2229}]",1,"[{""item_node"":""item:1128"",""item_id"":1128,""item_name"":""燃烧单元"",""quantity"":1,""source_edge_id"":2230}]","[{""tech_node"":""tech:1802"",""tech_id"":1802,""tech_name"":""T燃烧单元"",""source_edge_id"":441}]",scc:0259
recipe:134,134,爆破单元,Chemical,2,360,false,false,false,3,"[{""item_node"":""item:1128"",""item_id"":1128,""item_name"":""燃烧单元"",""quantity"":2,""source_edge_id"":2231},{""item_node"":""item:1115"",""item_id"":1115,""item_name"":""塑料"",""quantity"":2,""source_edge_id"":2232},{""item_node"":""item:1116"",""item_id"":1116,""item_name"":""硫酸"",""quantity"":1,""source_edge_id"":2233}]",1,"[{""item_node"":""item:1129"",""item_id"":1129,""item_name"":""爆破单元"",""quantity"":2,""source_edge_id"":2234}]","[{""tech_node"":""tech:1803"",""tech_id"":1803,""tech_name"":""T爆破单元"",""source_edge_id"":445}]",scc:0260
recipe:135,135,晶石爆破单元,Chemical,2,1440,false,false,false,3,"[{""item_node"":""item:1129"",""item_id"":1129,""item_name"":""爆破单元"",""quantity"":8,""source_edge_id"":2235},{""item_node"":""item:1126"",""item_id"":1126,""item_name"":""卡西米尔晶体"",""quantity"":1,""source_edge_id"":2236},{""item_node"":""item:1113"",""item_id"":1113,""item_name"":""晶格硅"",""quantity"":8,""source_edge_id"":2237}]",1,"[{""item_node"":""item:1130"",""item_id"":1130,""item_name"":""晶石爆破单元"",""quantity"":8,""source_edge_id"":2238}]","[{""tech_node"":""tech:1804"",""tech_id"":1804,""tech_name"":""T晶石爆破单元"",""source_edge_id"":451}]",scc:0261
recipe:136,136,机枪弹箱,Assemble,4,60,true,false,false,1,"[{""item_node"":""item:1104"",""item_id"":1104,""item_name"":""铜块"",""quantity"":3,""source_edge_id"":2239}]",1,"[{""item_node"":""item:1601"",""item_id"":1601,""item_name"":""机枪弹箱"",""quantity"":1,""source_edge_id"":2240}]","[{""tech_node"":""tech:1801"",""tech_id"":1801,""tech_name"":""T武器系统"",""source_edge_id"":437}]",scc:0262
recipe:137,137,钛化弹箱,Assemble,4,120,true,false,false,2,"[{""item_node"":""item:1601"",""item_id"":1601,""item_name"":""机枪弹箱"",""quantity"":1,""source_edge_id"":2241},{""item_node"":""item:1106"",""item_id"":1106,""item_name"":""Titanium Ingot"",""quantity"":2,""source_edge_id"":2242}]",1,"[{""item_node"":""item:1602"",""item_id"":1602,""item_name"":""钛化弹箱"",""quantity"":1,""source_edge_id"":2243}]","[{""tech_node"":""tech:1812"",""tech_id"":1812,""tech_name"":""T钛化弹箱"",""source_edge_id"":497}]",scc:0263
recipe:138,138,超合金弹箱,Assemble,4,180,true,false,false,2,"[{""item_node"":""item:1602"",""item_id"":1602,""item_name"":""钛化弹箱"",""quantity"":1,""source_edge_id"":2244},{""item_node"":""item:1107"",""item_id"":1107,""item_name"":""钛合金"",""quantity"":1,""source_edge_id"":2245}]",1,"[{""item_node"":""item:1603"",""item_id"":1603,""item_name"":""超合金弹箱"",""quantity"":1,""source_edge_id"":2246}]","[{""tech_node"":""tech:1813"",""tech_id"":1813,""tech_name"":""T超合金弹箱"",""source_edge_id"":503}]",scc:0264
recipe:139,139,炮弹组,Assemble,4,90,true,false,false,2,"[{""item_node"":""item:1104"",""item_id"":1104,""item_name"":""铜块"",""quantity"":9,""source_edge_id"":2247},{""item_node"":""item:1128"",""item_id"":1128,""item_name"":""燃烧单元"",""quantity"":2,""source_edge_id"":2248}]",1,"[{""item_node"":""item:1604"",""item_id"":1604,""item_name"":""炮弹组"",""quantity"":1,""source_edge_id"":2249}]","[{""tech_node"":""tech:1807"",""tech_id"":1807,""tech_name"":""T聚爆加农炮"",""source_edge_id"":466}]",scc:0265
recipe:140,140,高爆炮弹组,Assemble,4,180,true,false,false,3,"[{""item_node"":""item:1604"",""item_id"":1604,""item_name"":""炮弹组"",""quantity"":1,""source_edge_id"":2250},{""item_node"":""item:1106"",""item_id"":1106,""item_name"":""Titanium Ingot"",""quantity"":6,""source_edge_id"":2251},{""item_node"":""item:1129"",""item_id"":1129,""item_name"":""爆破单元"",""quantity"":2,""source_edge_id"":2252}]",1,"[{""item_node"":""item:1605"",""item_id"":1605,""item_name"":""高爆炮弹组"",""quantity"":1,""source_edge_id"":2253}]","[{""tech_node"":""tech:1814"",""tech_id"":1814,""tech_name"":""T高爆炮弹组"",""source_edge_id"":508}]",scc:0267
recipe:141,141,晶石炮弹组,Assemble,4,360,true,false,false,3,"[{""item_node"":""item:1605"",""item_id"":1605,""item_name"":""高爆炮弹组"",""quantity"":1,""source_edge_id"":2254},{""item_node"":""item:1107"",""item_id"":1107,""item_name"":""钛合金"",""quantity"":3,""source_edge_id"":2255},{""item_node"":""item:1130"",""item_id"":1130,""item_name"":""晶石爆破单元"",""quantity"":2,""source_edge_id"":2256}]",1,"[{""item_node"":""item:1606"",""item_id"":1606,""item_name"":""晶石炮弹组"",""quantity"":1,""source_edge_id"":2257}]","[{""tech_node"":""tech:1816"",""tech_id"":1816,""tech_name"":""T晶石炮弹组"",""source_edge_id"":521}]",scc:0268
recipe:142,142,等离子胶囊,Assemble,4,120,true,false,false,3,"[{""item_node"":""item:1123"",""item_id"":1123,""item_name"":""石墨烯"",""quantity"":1,""source_edge_id"":2258},{""item_node"":""item:1102"",""item_id"":1102,""item_name"":""磁铁"",""quantity"":2,""source_edge_id"":2259},{""item_node"":""item:1121"",""item_id"":1121,""item_name"":""重氢"",""quantity"":10,""source_edge_id"":2260}]",1,"[{""item_node"":""item:1607"",""item_id"":1607,""item_name"":""等离子胶囊"",""quantity"":1,""source_edge_id"":2261}]","[{""tech_node"":""tech:1811"",""tech_id"":1811,""tech_name"":""T磁化电浆炮"",""source_edge_id"":491}]",scc:0269
recipe:143,143,反物质胶囊,Assemble,4,120,false,false,false,4,"[{""item_node"":""item:1607"",""item_id"":1607,""item_name"":""等离子胶囊"",""quantity"":1,""source_edge_id"":2262},{""item_node"":""item:1206"",""item_id"":1206,""item_name"":""粒子容器"",""quantity"":1,""source_edge_id"":2263},{""item_node"":""item:1120"",""item_id"":1120,""item_name"":""氢"",""quantity"":10,""source_edge_id"":2264},{""item_node"":""item:1122"",""item_id"":1122,""item_name"":""反物质"",""quantity"":10,""source_edge_id"":2265}]",1,"[{""item_node"":""item:1608"",""item_id"":1608,""item_name"":""反物质胶囊"",""quantity"":1,""source_edge_id"":2266}]","[{""tech_node"":""tech:1818"",""tech_id"":1818,""tech_name"":""T反物质胶囊"",""source_edge_id"":537}]",scc:0270
recipe:144,144,导弹组,Assemble,4,120,true,false,false,4,"[{""item_node"":""item:1104"",""item_id"":1104,""item_name"":""铜块"",""quantity"":6,""source_edge_id"":2267},{""item_node"":""item:1301"",""item_id"":1301,""item_name"":""电路板"",""quantity"":3,""source_edge_id"":2268},{""item_node"":""item:1128"",""item_id"":1128,""item_name"":""燃烧单元"",""quantity"":2,""source_edge_id"":2269},{""item_node"":""item:1407"",""item_id"":1407,""item_name"":""动力引擎"",""quantity"":1,""source_edge_id"":2270}]",1,"[{""item_node"":""item:1609"",""item_id"":1609,""item_name"":""导弹组"",""quantity"":1,""source_edge_id"":2271}]","[{""tech_node"":""tech:1806"",""tech_id"":1806,""tech_name"":""T导弹防御塔"",""source_edge_id"":460}]",scc:0271
recipe:145,145,超音速导弹组,Assemble,4,240,true,false,false,4,"[{""item_node"":""item:1609"",""item_id"":1609,""item_name"":""导弹组"",""quantity"":2,""source_edge_id"":2272},{""item_node"":""item:1303"",""item_id"":1303,""item_name"":""处理器"",""quantity"":4,""source_edge_id"":2273},{""item_node"":""item:1129"",""item_id"":1129,""item_name"":""爆破单元"",""quantity"":4,""source_edge_id"":2274},{""item_node"":""item:1405"",""item_id"":1405,""item_name"":""推进器2"",""quantity"":2,""source_edge_id"":2275}]",1,"[{""item_node"":""item:1610"",""item_id"":1610,""item_name"":""超音速导弹组"",""quantity"":2,""source_edge_id"":2276}]","[{""tech_node"":""tech:1815"",""tech_id"":1815,""tech_name"":""T超音速导弹组"",""source_edge_id"":514}]",scc:0272
recipe:146,146,引力导弹组,Assemble,4,360,true,false,false,3,"[{""item_node"":""item:1610"",""item_id"":1610,""item_name"":""超音速导弹组"",""quantity"":3,""source_edge_id"":2277},{""item_node"":""item:1130"",""item_id"":1130,""item_name"":""晶石爆破单元"",""quantity"":6,""source_edge_id"":2278},{""item_node"":""item:1127"",""item_id"":1127,""item_name"":""奇异物质"",""quantity"":3,""source_edge_id"":2279}]",1,"[{""item_node"":""item:1611"",""item_id"":1611,""item_name"":""引力导弹组"",""quantity"":3,""source_edge_id"":2280}]","[{""tech_node"":""tech:1817"",""tech_id"":1817,""tech_name"":""T引力导弹组"",""source_edge_id"":529}]",scc:0273
recipe:147,147,地面战斗机-E型,Assemble,4,120,true,false,false,4,"[{""item_node"":""item:1101"",""item_id"":1101,""item_name"":""铁块"",""quantity"":3,""source_edge_id"":2281},{""item_node"":""item:1407"",""item_id"":1407,""item_name"":""动力引擎"",""quantity"":1,""source_edge_id"":2282},{""item_node"":""item:1301"",""item_id"":1301,""item_name"":""电路板"",""quantity"":2,""source_edge_id"":2283},{""item_node"":""item:1401"",""item_id"":1401,""item_name"":""电浆激发器"",""quantity"":1,""source_edge_id"":2284}]",1,"[{""item_node"":""item:5101"",""item_id"":5101,""item_name"":""地面战斗机-E型"",""quantity"":1,""source_edge_id"":2285}]","[{""tech_node"":""tech:1819"",""tech_id"":1819,""tech_name"":""T地面战斗机-E型"",""source_edge_id"":541}]",scc:0274
recipe:148,148,地面战斗机-A型,Assemble,4,240,true,false,false,4,"[{""item_node"":""item:5101"",""item_id"":5101,""item_name"":""地面战斗机-E型"",""quantity"":1,""source_edge_id"":2286},{""item_node"":""item:1204"",""item_id"":1204,""item_name"":""电磁涡轮"",""quantity"":1,""source_edge_id"":2287},{""item_node"":""item:1301"",""item_id"":1301,""item_name"":""电路板"",""quantity"":2,""source_edge_id"":2288},{""item_node"":""item:1404"",""item_id"":1404,""item_name"":""光子合并器"",""quantity"":2,""source_edge_id"":2289}]",1,"[{""item_node"":""item:5102"",""item_id"":5102,""item_name"":""地面战斗机-A型"",""quantity"":1,""source_edge_id"":2290}]","[{""tech_node"":""tech:1820"",""tech_id"":1820,""tech_name"":""T地面战斗机-A型"",""source_edge_id"":548}]",scc:0275
recipe:149,149,地面战斗机-F型,Assemble,4,240,true,false,false,4,"[{""item_node"":""item:5101"",""item_id"":5101,""item_name"":""地面战斗机-E型"",""quantity"":1,""source_edge_id"":2291},{""item_node"":""item:1204"",""item_id"":1204,""item_name"":""电磁涡轮"",""quantity"":1,""source_edge_id"":2292},{""item_node"":""item:1303"",""item_id"":1303,""item_name"":""处理器"",""quantity"":1,""source_edge_id"":2293},{""item_node"":""item:1206"",""item_id"":1206,""item_name"":""粒子容器"",""quantity"":1,""source_edge_id"":2294}]",1,"[{""item_node"":""item:5103"",""item_id"":5103,""item_name"":""地面战斗机-F型"",""quantity"":1,""source_edge_id"":2295}]","[{""tech_node"":""tech:1821"",""tech_id"":1821,""tech_name"":""T地面战斗机-F型"",""source_edge_id"":554}]",scc:0276
recipe:150,150,太空战斗机-A型,Assemble,4,300,true,false,false,4,"[{""item_node"":""item:1107"",""item_id"":1107,""item_name"":""钛合金"",""quantity"":5,""source_edge_id"":2296},{""item_node"":""item:1406"",""item_id"":1406,""item_name"":""加力推进器"",""quantity"":1,""source_edge_id"":2297},{""item_node"":""item:1303"",""item_id"":1303,""item_name"":""处理器"",""quantity"":2,""source_edge_id"":2298},{""item_node"":""item:1206"",""item_id"":1206,""item_name"":""粒子容器"",""quantity"":3,""source_edge_id"":2299}]",1,"[{""item_node"":""item:5111"",""item_id"":5111,""item_name"":""太空战斗机-A型"",""quantity"":1,""source_edge_id"":2300}]","[{""tech_node"":""tech:1822"",""tech_id"":1822,""tech_name"":""T太空战斗机-A型"",""source_edge_id"":561}]",scc:0278
recipe:151,151,太空战斗机-F型,Assemble,4,480,true,false,false,4,"[{""item_node"":""item:1125"",""item_id"":1125,""item_name"":""框架材料"",""quantity"":20,""source_edge_id"":2301},{""item_node"":""item:1406"",""item_id"":1406,""item_name"":""加力推进器"",""quantity"":4,""source_edge_id"":2302},{""item_node"":""item:1303"",""item_id"":1303,""item_name"":""处理器"",""quantity"":4,""source_edge_id"":2303},{""item_node"":""item:1127"",""item_id"":1127,""item_name"":""奇异物质"",""quantity"":1,""source_edge_id"":2304}]",1,"[{""item_node"":""item:5112"",""item_id"":5112,""item_name"":""太空战斗机-F型"",""quantity"":1,""source_edge_id"":2305}]","[{""tech_node"":""tech:1823"",""tech_id"":1823,""tech_name"":""T太空战斗机-F型"",""source_edge_id"":571}]",scc:0279
recipe:105,105,动力引擎,Assemble,4,180,true,false,false,2,"[{""item_node"":""item:1202"",""item_id"":1202,""item_name"":""磁线圈"",""quantity"":1,""source_edge_id"":2306},{""item_node"":""item:1104"",""item_id"":1104,""item_name"":""铜块"",""quantity"":2,""source_edge_id"":2307}]",1,"[{""item_node"":""item:1407"",""item_id"":1407,""item_name"":""动力引擎"",""quantity"":1,""source_edge_id"":2308}]","[{""tech_node"":""tech:1805"",""tech_id"":1805,""tech_name"":""T动力引擎"",""source_edge_id"":454}]",scc:0230
recipe:152,152,战场分析基站,Assemble,4,360,true,false,false,4,"[{""item_node"":""item:1103"",""item_id"":1103,""item_name"":""钢材"",""quantity"":12,""source_edge_id"":2309},{""item_node"":""item:1301"",""item_id"":1301,""item_name"":""电路板"",""quantity"":18,""source_edge_id"":2310},{""item_node"":""item:1302"",""item_id"":1302,""item_name"":""微晶元件"",""quantity"":6,""source_edge_id"":2311},{""item_node"":""item:1407"",""item_id"":1407,""item_name"":""动力引擎"",""quantity"":12,""source_edge_id"":2312}]",1,"[{""item_node"":""item:3009"",""item_id"":3009,""item_name"":""战场分析基站"",""quantity"":1,""source_edge_id"":2313}]","[{""tech_node"":""tech:1826"",""tech_id"":1826,""tech_name"":""T战场分析基站"",""source_edge_id"":580}]",scc:0280
recipe:153,153,矩阵研究站 Mk.II,Assemble,4,240,true,false,false,4,"[{""item_node"":""item:2901"",""item_id"":2901,""item_name"":""矩阵研究站"",""quantity"":1,""source_edge_id"":2314},{""item_node"":""item:5202"",""item_id"":5202,""item_name"":""硅基神经元"",""quantity"":10,""source_edge_id"":2315},{""item_node"":""item:5201"",""item_id"":5201,""item_name"":""存储单元"",""quantity"":20,""source_edge_id"":2316},{""item_node"":""item:1305"",""item_id"":1305,""item_name"":""量子芯片"",""quantity"":4,""source_edge_id"":2317}]",1,"[{""item_node"":""item:2902"",""item_id"":2902,""item_name"":""矩阵研究站 Mk.II"",""quantity"":1,""source_edge_id"":2318}]","[{""tech_node"":""tech:1901"",""tech_id"":1901,""tech_name"":""T数字模拟计算"",""source_edge_id"":584}]",scc:0281
recipe:154,154,制造台 Mk.IV,Assemble,4,300,true,false,false,4,"[{""item_node"":""item:2305"",""item_id"":2305,""item_name"":""制造台 Mk.III"",""quantity"":1,""source_edge_id"":2319},{""item_node"":""item:5203"",""item_id"":5203,""item_name"":""物质重组器"",""quantity"":10,""source_edge_id"":2320},{""item_node"":""item:5206"",""item_id"":5206,""item_name"":""能量碎片"",""quantity"":30,""source_edge_id"":2321},{""item_node"":""item:1305"",""item_id"":1305,""item_name"":""量子芯片"",""quantity"":4,""source_edge_id"":2322}]",1,"[{""item_node"":""item:2318"",""item_id"":2318,""item_name"":""制造台 Mk.IV"",""quantity"":1,""source_edge_id"":2323}]","[{""tech_node"":""tech:1902"",""tech_id"":1902,""tech_name"":""T物质重组技术"",""source_edge_id"":588}]",scc:0282
recipe:155,155,熔炉 Mk.III,Assemble,4,360,true,false,false,4,"[{""item_node"":""item:2315"",""item_id"":2315,""item_name"":""位面熔炉"",""quantity"":1,""source_edge_id"":2324},{""item_node"":""item:5204"",""item_id"":5204,""item_name"":""负熵奇点"",""quantity"":10,""source_edge_id"":2325},{""item_node"":""item:5206"",""item_id"":5206,""item_name"":""能量碎片"",""quantity"":30,""source_edge_id"":2326},{""item_node"":""item:1305"",""item_id"":1305,""item_name"":""量子芯片"",""quantity"":4,""source_edge_id"":2327}]",1,"[{""item_node"":""item:2319"",""item_id"":2319,""item_name"":""熔炉 Mk.III"",""quantity"":1,""source_edge_id"":2328}]","[{""tech_node"":""tech:1903"",""tech_id"":1903,""tech_name"":""T负熵递归"",""source_edge_id"":592}]",scc:0283
recipe:156,156,金色燃料棒,Assemble,4,1920,false,false,false,4,"[{""item_node"":""item:1803"",""item_id"":1803,""item_name"":""反物质燃料棒"",""quantity"":8,""source_edge_id"":2329},{""item_node"":""item:5205"",""item_id"":5205,""item_name"":""虚粒子"",""quantity"":1,""source_edge_id"":2330},{""item_node"":""item:1127"",""item_id"":1127,""item_name"":""奇异物质"",""quantity"":2,""source_edge_id"":2331},{""item_node"":""item:1125"",""item_id"":1125,""item_name"":""框架材料"",""quantity"":1,""source_edge_id"":2332}]",1,"[{""item_node"":""item:1804"",""item_id"":1804,""item_name"":""金色燃料棒"",""quantity"":1,""source_edge_id"":2333}]","[{""tech_node"":""tech:1904"",""tech_id"":1904,""tech_name"":""T金色燃料棒"",""source_edge_id"":596}]",scc:0284
recipe:157,157,地面电浆炮,Assemble,4,480,true,false,false,4,"[{""item_node"":""item:1103"",""item_id"":1103,""item_name"":""钢材"",""quantity"":15,""source_edge_id"":2334},{""item_node"":""item:1205"",""item_id"":1205,""item_name"":""超级磁场环"",""quantity"":5,""source_edge_id"":2335},{""item_node"":""item:1401"",""item_id"":1401,""item_name"":""电浆激发器"",""quantity"":5,""source_edge_id"":2336},{""item_node"":""item:1303"",""item_id"":1303,""item_name"":""处理器"",""quantity"":5,""source_edge_id"":2337}]",1,"[{""item_node"":""item:3010"",""item_id"":3010,""item_name"":""地面电浆炮"",""quantity"":1,""source_edge_id"":2338}]","[{""tech_node"":""tech:1811"",""tech_id"":1811,""tech_name"":""T磁化电浆炮"",""source_edge_id"":492}]",scc:0285
recipe:158,158,电磁干扰胶囊,Assemble,4,120,true,false,false,3,"[{""item_node"":""item:1204"",""item_id"":1204,""item_name"":""电磁涡轮"",""quantity"":1,""source_edge_id"":2339},{""item_node"":""item:1401"",""item_id"":1401,""item_name"":""电浆激发器"",""quantity"":1,""source_edge_id"":2340},{""item_node"":""item:1120"",""item_id"":1120,""item_name"":""氢"",""quantity"":3,""source_edge_id"":2341}]",1,"[{""item_node"":""item:1612"",""item_id"":1612,""item_name"":""电磁干扰胶囊"",""quantity"":1,""source_edge_id"":2342}]","[{""tech_node"":""tech:1810"",""tech_id"":1810,""tech_name"":""T干扰塔"",""source_edge_id"":483}]",scc:0286
recipe:159,159,电磁压制胶囊,Assemble,4,480,true,false,false,3,"[{""item_node"":""item:1612"",""item_id"":1612,""item_name"":""电磁干扰胶囊"",""quantity"":2,""source_edge_id"":2343},{""item_node"":""item:1205"",""item_id"":1205,""item_name"":""超级磁场环"",""quantity"":1,""source_edge_id"":2344},{""item_node"":""item:1119"",""item_id"":1119,""item_name"":""钛化玻璃"",""quantity"":2,""source_edge_id"":2345}]",1,"[{""item_node"":""item:1613"",""item_id"":1613,""item_name"":""电磁压制胶囊"",""quantity"":2,""source_edge_id"":2346}]","[{""tech_node"":""tech:1824"",""tech_id"":1824,""tech_name"":""T电磁胶囊II"",""source_edge_id"":576}]",scc:0287
recipe:160,160,集装分拣器,Assemble,4,60,true,false,false,3,"[{""item_node"":""item:2013"",""item_id"":2013,""item_name"":""极速分拣器"",""quantity"":2,""source_edge_id"":2347},{""item_node"":""item:1205"",""item_id"":1205,""item_name"":""超级磁场环"",""quantity"":1,""source_edge_id"":2348},{""item_node"":""item:1303"",""item_id"":1303,""item_name"":""处理器"",""quantity"":1,""source_edge_id"":2349}]",1,"[{""item_node"":""item:2014"",""item_id"":2014,""item_name"":""集装分拣器"",""quantity"":1,""source_edge_id"":2350}]","[{""tech_node"":""tech:1607"",""tech_id"":1607,""tech_name"":""Integrated Logistics System"",""source_edge_id"":388}]",scc:0289
recipe:161,161,激光灯塔,Assemble,4,240,true,false,false,4,"[{""item_node"":""item:1101"",""item_id"":1101,""item_name"":""铁块"",""quantity"":3,""source_edge_id"":2351},{""item_node"":""item:1111"",""item_id"":1111,""item_name"":""棱镜"",""quantity"":4,""source_edge_id"":2352},{""item_node"":""item:1401"",""item_id"":1401,""item_name"":""电浆激发器"",""quantity"":2,""source_edge_id"":2353},{""item_node"":""item:1301"",""item_id"":1301,""item_name"":""电路板"",""quantity"":2,""source_edge_id"":2354}]",1,"[{""item_node"":""item:2401"",""item_id"":2401,""item_name"":""激光灯塔"",""quantity"":1,""source_edge_id"":2355}]","[{""tech_node"":""tech:1105"",""tech_id"":1105,""tech_name"":""T电弧激光"",""source_edge_id"":38}]",scc:0290
